employer,notice_date,number_of_employees_affected,warn_type,city,zip,lwib_area,address,record_number,detail_page_url
Pet Quarters- Rockland,"Jan 08, 2024",4,Non-WARN,Rockland,04841,4 - Coastal Counties Local Area 4,"235 Camden St ; Rockland, Maine 04841",547,https://joblink.maine.gov/search/warn_lookups/547
Weatherend Estate Furniture,"Jan 16, 2024",8,Non-WARN,Rockland,04841,4 - Coastal Counties Local Area 4,"6 Gordon Dr; Rockland, Maine 04841",548,https://joblink.maine.gov/search/warn_lookups/548
Oceanside Deli,"Mar 27, 2024",6,Non-WARN,Rockland,04841,4 - Coastal Counties Local Area 4,"131 North Main St; Rockland, Maine 04841",563,https://joblink.maine.gov/search/warn_lookups/563
Waterfront Restaurant,"Jan 16, 2024",25,Non-WARN,Camden,04843,4 - Coastal Counties Local Area 4,"48 Bay View St ; Camden, Maine 04843",549,https://joblink.maine.gov/search/warn_lookups/549
Jocko Fuels,"Jan 17, 2024",16,Non-WARN,Jay,04239,3 - Central Western Local Area 3,"1149 Main St; Jay, Maine 04239",550,https://joblink.maine.gov/search/warn_lookups/550
Solo Cucina Market,"Jan 22, 2024",11,Non-WARN,South Portland,04106,4 - Coastal Counties Local Area 4,"161 Ocean St; South Portland, Maine 04106",551,https://joblink.maine.gov/search/warn_lookups/551
Ground Round,"Jan 29, 2024",25,Non-WARN,Bangor,04401,1 - Northeastern Workforce Board,"248 Odlin Road ; Bangor, Maine 04401",552,https://joblink.maine.gov/search/warn_lookups/552
Silvex,"Jan 29, 2024",1,Non-WARN,Westbrook,04092,4 - Coastal Counties Local Area 4,"45 Thomas Dr; Westbrook, Maine 04092",553,https://joblink.maine.gov/search/warn_lookups/553
Blushift Aerospace,"Jan 26, 2024",5,Non-WARN,Brunswick,04011,4 - Coastal Counties Local Area 4,"2 Pegasus St, Ste 2 ; Brunswick, Maine 04011",554,https://joblink.maine.gov/search/warn_lookups/554
Royal River Heatpumps,"Feb 05, 2024",25,Non-WARN,Freeport,04032,4 - Coastal Counties Local Area 4,"353 US-1; Freeport, Maine 04032",555,https://joblink.maine.gov/search/warn_lookups/555
Hardwood Products Company LLC,"Jan 29, 2024",85,Non-WARN,Guilford,04443,1 - Northeastern Workforce Board,"31 School Street; Guilford, Maine 04443",556,https://joblink.maine.gov/search/warn_lookups/556
Portland Museum of Art,"Feb 15, 2024",13,Non-WARN,Portland,04101,4 - Coastal Counties Local Area 4,"7 Congress SQ; Portland, Maine 04101",557,https://joblink.maine.gov/search/warn_lookups/557
AMS LLC dba Gagne Foods,"Feb 22, 2024",25,Non-WARN,Bath,04530,4 - Coastal Counties Local Area 4,"25 Wing Farm Parkway ; Bath, Maine 04530",558,https://joblink.maine.gov/search/warn_lookups/558
ESOCO Orrington LLC,"Mar 01, 2024",11,Non-WARN,Orrington,04474,1 - Northeastern Workforce Board,"29 Industrial Way; Orrington, Maine 04474",559,https://joblink.maine.gov/search/warn_lookups/559
Consolidated Communications AKA FIDIUM,"Mar 01, 2024",12,Non-WARN,Lewiston,04240,3 - Central Western Local Area 3,"Enterprise St; Lewiston, Maine 04240",560,https://joblink.maine.gov/search/warn_lookups/560
Tri County Mental Health Services,"Mar 11, 2024",22,Non-WARN,Lewiston,04240,3 - Central Western Local Area 3,"1155 Lisbon St; Lewiston, Maine 04240",561,https://joblink.maine.gov/search/warn_lookups/561
Presque Isle Nursing Facility,"Mar 06, 2024",20,Non-WARN,Presque Isle,04769,1 - Northeastern Workforce Board,"152 Academy Street; Presque Isle, Maine 04769",562,https://joblink.maine.gov/search/warn_lookups/562
Foulmouthed Brewing,"Apr 11, 2024",16,Non-WARN,South Portland,04106,4 - Coastal Counties Local Area 4,"15 Ocean St ; South Portland, Maine 04106",564,https://joblink.maine.gov/search/warn_lookups/564
Phoenix Footwear,"Feb 08, 2024",25,Non-WARN,Old Town,04468,1 - Northeastern Workforce Board,"107 Main St; Old Town, Maine 04468",573,https://joblink.maine.gov/search/warn_lookups/573
Bubba Fryes Things and Things Sanford,"Jun 10, 2024",12,Non-WARN,Sanford,04073,4 - Coastal Counties Local Area 4,"890 Main St, #200B; Sanford, Maine 04073",574,https://joblink.maine.gov/search/warn_lookups/574
Onsemi,"Jun 13, 2024",53,WARN,South Portland,04106,4 - Coastal Counties Local Area 4,"Running Hill rd; South Portland, Maine 04106",575,https://joblink.maine.gov/search/warn_lookups/575
Little Learners Child Care,"Apr 01, 2024",2,Non-WARN,Rockport,04856,4 - Coastal Counties Local Area 4,"14 Business Circle; Rockport, Maine 04856",565,https://joblink.maine.gov/search/warn_lookups/565
LL Bean,"Apr 12, 2024",140,Non-WARN,Freeport,04033,4 - Coastal Counties Local Area 4,"15 Casco St ; Freeport, Maine 04033",566,https://joblink.maine.gov/search/warn_lookups/566
Seacoast Security,"Apr 12, 2024",10,Non-WARN,West Rockport,04865,4 - Coastal Counties Local Area 4,"290 West St; West Rockport, Maine 04865",567,https://joblink.maine.gov/search/warn_lookups/567
Parker Hannifin,"Apr 22, 2024",48,WARN,Kittery,03904,4 - Coastal Counties Local Area 4,"9 Cutts Rd ; Kittery, Maine 03904",568,https://joblink.maine.gov/search/warn_lookups/568
Chili's Grill & Bar,"Apr 26, 2024",35,Non-WARN,South Portland,04106,4 - Coastal Counties Local Area 4,"465 Maine Mall Rd; South Portland, Maine 04106",569,https://joblink.maine.gov/search/warn_lookups/569
Spurwink,"Apr 26, 2024",61,WARN,Augusta,04330,3 - Central Western Local Area 3,"5 Leo Martin Dr ; Augusta, Maine 04330",570,https://joblink.maine.gov/search/warn_lookups/570
AMS LLC dba Gagne Foods,"Apr 30, 2024",29,Non-WARN,Bath,04530,4 - Coastal Counties Local Area 4,"25 Wing Farm Parkway; Bath, Maine 04530",571,https://joblink.maine.gov/search/warn_lookups/571
Weatherernd Estate Furniture,"May 06, 2024",4,Non-WARN,Rockland,04841,4 - Coastal Counties Local Area 4,"6 Gordon Dr ; Rockland, Maine 04841",572,https://joblink.maine.gov/search/warn_lookups/572
Maine General,"Jan 10, 2023",23,Non-WARN,Augusta,04330,3 - Central Western Local Area 3,"35 Medical Center Pkwy; Augusta, Maine 04330",453,https://joblink.maine.gov/search/warn_lookups/453
Presque Isle Inn,"Jan 09, 2023",22,Non-WARN,Presque Isle,04769,1 - Northeastern Workforce Board,"116 Main Street; Presque Isle, Maine 04769",454,https://joblink.maine.gov/search/warn_lookups/454
Marden's,"Jan 12, 2023",24,Non-WARN,Rumford,04276,3 - Central Western Local Area 3,"1016 US Rt. 2; Rumford, Maine 04276",455,https://joblink.maine.gov/search/warn_lookups/455
The Pillars,"Jan 12, 2023",0,Non-WARN,Fairfield,04937,3 - Central Western Local Area 3,"121 Main Street; Fairfield, Maine 04937",456,https://joblink.maine.gov/search/warn_lookups/456
Aerotek (Abbott),"Feb 07, 2023",234,WARN,Portland,04102,4 - Coastal Counties Local Area 4,"949 Brighton Avenue; Portland, Maine 04102",457,https://joblink.maine.gov/search/warn_lookups/457
Co-Worx Staffing (Abbott),"Feb 03, 2023",460,Non-WARN,Saco,04072,4 - Coastal Counties Local Area 4,"833 Portland Road; Saco, Maine 04072",458,https://joblink.maine.gov/search/warn_lookups/458
Manpower (Abbott),"Feb 02, 2023",63,Non-WARN,Portland,04101,4 - Coastal Counties Local Area 4,"70 Center Street; Portland, Maine 04101",459,https://joblink.maine.gov/search/warn_lookups/459
Athena Health,"Feb 08, 2023",28,Non-WARN,Belfast,04915,4 - Coastal Counties Local Area 4,"Hatley Road; Belfast, Maine 04915",460,https://joblink.maine.gov/search/warn_lookups/460
Lavender Puff,"Feb 01, 2023",4,Non-WARN,Caribou,04736,1 - Northeastern Workforce Board,"3 Water Street; Caribou, Maine 04736",461,https://joblink.maine.gov/search/warn_lookups/461
HW Staffing (Abbott Labs),"Feb 15, 2023",40,Non-WARN,Portland,04102,4 - Coastal Counties Local Area 4,"142 St. John Street; Portland, Maine 04102",462,https://joblink.maine.gov/search/warn_lookups/462
Pat's Pizza,"Feb 24, 2023",16,Non-WARN,Presque Isle,04769,1 - Northeastern Workforce Board,"9 North Street; Presque Isle, Maine 04769",463,https://joblink.maine.gov/search/warn_lookups/463
Bon Appétit Mgmt,"May 30, 2023",10,Non-WARN,Waterville,04901,3 - Central Western Local Area 3,"4000 mayflower hill rd ; Waterville, Maine 04901",491,https://joblink.maine.gov/search/warn_lookups/491
ND Paper Old Town,"Mar 30, 2023",0,WARN,Old Town,04468,1 - Northeastern Workforce Board,"24 Portland St; Old Town, Maine 04468",465,https://joblink.maine.gov/search/warn_lookups/465
Dollar Tree,"Apr 03, 2023",6,Non-WARN,Wiscasset,04578,4 - Coastal Counties Local Area 4,"681 Bath Rd; Wiscasset, Maine 04578",466,https://joblink.maine.gov/search/warn_lookups/466
PCHC,"Apr 03, 2023",11,Non-WARN,Bangor,04401,1 - Northeastern Workforce Board,"103 Maine Avenue; Bangor, Maine 04401",467,https://joblink.maine.gov/search/warn_lookups/467
It'll Be Pizza,"Apr 03, 2023",14,Non-WARN,Scarborough,04074,4 - Coastal Counties Local Area 4,"5 Lincoln Ave; Scarborough, Maine 04074",468,https://joblink.maine.gov/search/warn_lookups/468
David's  Bridal,"Apr 14, 2023",0,WARN,South Portland,04106,4 - Coastal Counties Local Area 4,"374 Maine Mall Rd; South Portland, Maine 04106",469,https://joblink.maine.gov/search/warn_lookups/469
Tall Pines Nursing Home,"Apr 18, 2023",45,Non-WARN,Belfast,04915,4 - Coastal Counties Local Area 4,"24 Martin Ln; Belfast, Maine 04915",470,https://joblink.maine.gov/search/warn_lookups/470
Puritan Medical Products,"Apr 18, 2023",55,Non-WARN,Hampden,04444,1 - Northeastern Workforce Board,"31 School St; Hampden, Maine 04444",472,https://joblink.maine.gov/search/warn_lookups/472
Bed Bath and Beyond,"Apr 23, 2023",20,Non-WARN,Bangor,04401,3 - Central Western Local Area 3,"490 Stillwater ave; Bangor, Maine 04401",473,https://joblink.maine.gov/search/warn_lookups/473
Unum,"Apr 18, 2023",0,Non-WARN,Portland,04102,4 - Coastal Counties Local Area 4,"2211 Congress St ; Portland, Maine 04102",474,https://joblink.maine.gov/search/warn_lookups/474
Tyson Foods/ Barber Foods,"Apr 18, 2023",0,Non-WARN,Portland,04102,3 - Central Western Local Area 3,"56 Milliken st ; Portland, Maine 04102",475,https://joblink.maine.gov/search/warn_lookups/475
York County Community Action Corp,"Apr 18, 2023",0,Non-WARN,Sanford,04073,4 - Coastal Counties Local Area 4,"6 spruce st ; Sanford, Maine 04073",476,https://joblink.maine.gov/search/warn_lookups/476
Bed Bath and Beyond,"Apr 24, 2023",20,Non-WARN,South Portland,04106,4 - Coastal Counties Local Area 4,"200 running hill rd ; South Portland, Maine 04106",477,https://joblink.maine.gov/search/warn_lookups/477
KeyBank,"May 01, 2023",4,Non-WARN,Freeport,04032,4 - Coastal Counties Local Area 4,"135 main st ; Freeport, Maine 04032",478,https://joblink.maine.gov/search/warn_lookups/478
Stonewall kitchen,"May 01, 2023",9,Non-WARN,York,03909,4 - Coastal Counties Local Area 4,"2 Stonewall Lane; York, Maine 03909",479,https://joblink.maine.gov/search/warn_lookups/479
AMS LLC/Gagne Foods,"May 08, 2023",30,Non-WARN,Bath,04530,4 - Coastal Counties Local Area 4,"25 wing farm pkwy ; Bath, Maine 04530",480,https://joblink.maine.gov/search/warn_lookups/480
KeyBank,"May 08, 2023",6,Non-WARN,Skowhegan,04976,3 - Central Western Local Area 3,"214 Madison Ave ; Skowhegan, Maine 04976",481,https://joblink.maine.gov/search/warn_lookups/481
KeyBank,"May 05, 2023",4,Non-WARN,Bath,04530,4 - Coastal Counties Local Area 4,"40 Front St. ; Bath, Maine 04530",482,https://joblink.maine.gov/search/warn_lookups/482
C & L Aviation,"Jun 02, 2023",40,Non-WARN,Bangor,04401,1 - Northeastern Workforce Board,"40 wyoming ave ; Bangor, Maine 04401",492,https://joblink.maine.gov/search/warn_lookups/492
GVS North,"May 15, 2023",12,Non-WARN,Sanford,04073,4 - Coastal Counties Local Area 4,"63 Community Dr; Sanford, Maine 04073",484,https://joblink.maine.gov/search/warn_lookups/484
Save-a-Lot,"May 08, 2023",0,Non-WARN,Waterville,04901,3 - Central Western Local Area 3,"20 concourse e ; Waterville, Maine 04901",485,https://joblink.maine.gov/search/warn_lookups/485
Abbott Rapid Diagnostics,"May 16, 2023",199,WARN,Westbrook,04092,4 - Coastal Counties Local Area 4,"5 bradley dr ; Westbrook, Maine 04092",486,https://joblink.maine.gov/search/warn_lookups/486
Livermore Falls Baking Company,"May 23, 2023",10,Non-WARN,Livermore Falls,04254,3 - Central Western Local Area 3,"49 gilbert st; Livermore Falls, Maine 04254",487,https://joblink.maine.gov/search/warn_lookups/487
Days Inn Kittery,"May 18, 2023",0,Non-WARN,Kittery,03904,4 - Coastal Counties Local Area 4,"85 US-1 BYP; Kittery, Maine 03904",488,https://joblink.maine.gov/search/warn_lookups/488
Abbott Rapid Diagnostics,"Mar 01, 2023",219,WARN,Westbrook,04092,4 - Coastal Counties Local Area 4,"5 Bradley Rd; Westbrook, Maine 04092",489,https://joblink.maine.gov/search/warn_lookups/489
American Roots Wear,"May 22, 2023",0,Non-WARN,Westbrook,04092,4 - Coastal Counties Local Area 4,"90 bridge st ; Westbrook, Maine 04092",490,https://joblink.maine.gov/search/warn_lookups/490
G-Force Entertainment,"Jun 07, 2023",12,Non-WARN,Bangor,04401,1 - Northeastern Workforce Board,"663 Stillwater ave , Suite 1180A; Bangor, Maine 04401",493,https://joblink.maine.gov/search/warn_lookups/493
J.S. McCarthy Printing,"Jun 12, 2023",10,Non-WARN,Augusta,04330,3 - Central Western Local Area 3,"15 Darin Dr,; Augusta, Maine 04330",494,https://joblink.maine.gov/search/warn_lookups/494
Jotul North America,"Jun 06, 2023",105,Non-WARN,Gorham,04038,4 - Coastal Counties Local Area 4,"55 Hutcherson Dr; Gorham, Maine 04038",495,https://joblink.maine.gov/search/warn_lookups/495
Bitwise Industries,"Jun 14, 2023",1,WARN,Fresno,93721,3 - Central Western Local Area 3,"70 Van Ness Ave ; Fresno, California 93721",496,https://joblink.maine.gov/search/warn_lookups/496
Yale Cordage,"Jun 22, 2023",9,Non-WARN,Saco,04072,4 - Coastal Counties Local Area 4,"77 Industrial Park Rd ; Saco, Maine 04072",497,https://joblink.maine.gov/search/warn_lookups/497
Puritan Medical Products,"Jun 28, 2023",254,WARN,Pittsfield,04967,3 - Central Western Local Area 3,"North Main Street; Pittsfield, Maine 04967",471,https://joblink.maine.gov/search/warn_lookups/471
Maine Veterinary Medical Center,"Jul 05, 2023",13,Non-WARN,Scarborough,04074,4 - Coastal Counties Local Area 4,"1500 Technology Way ; Scarborough, Maine 04074",498,https://joblink.maine.gov/search/warn_lookups/498
Courtland Rehab & Living Center,"Jul 12, 2023",45,Non-WARN,Ellsworth,04605,1 - Northeastern Workforce Board,"42 Bucksport Rd ; Ellsworth, Maine 04605",502,https://joblink.maine.gov/search/warn_lookups/502
Mid State Machine Products,"Jul 21, 2023",7,Non-WARN,winslow,04901,3 - Central Western Local Area 3,"83 Verti Dr; winslow, Maine 04901",503,https://joblink.maine.gov/search/warn_lookups/503
Mermaid Transportation,"Jul 05, 2023",10,Non-WARN,Saco,04072,4 - Coastal Counties Local Area 4,"985 Portland Rd ; Saco, Maine 04072",504,https://joblink.maine.gov/search/warn_lookups/504
T Mobile,"Sep 07, 2023",21,Non-WARN,Oakland,04963,3 - Central Western Local Area 3,"133 First Park Dr ; Oakland, Maine 04963",518,https://joblink.maine.gov/search/warn_lookups/518
The Christmas Tree Shops,"Jul 05, 2023",38,Non-WARN,Augusta,04330,3 - Central Western Local Area 3,"42 Whitten Rd ; Augusta, Maine 04330",499,https://joblink.maine.gov/search/warn_lookups/499
The Christmas Tree Shops,"Jul 05, 2023",31,Non-WARN,Scarborough,04074,4 - Coastal Counties Local Area 4,"490 Payne Rd ; Scarborough, Maine 04074",500,https://joblink.maine.gov/search/warn_lookups/500
The Christmas Tree Shops,"Jul 05, 2023",0,Non-WARN,Bangor,04401,1 - Northeastern Workforce Board,"46 Springer Dr ; Bangor, Maine 04401",501,https://joblink.maine.gov/search/warn_lookups/501
Made In Downeast Maine,"Sep 20, 2023",2,Non-WARN,Ellsworth,04605,4 - Coastal Counties Local Area 4,"248 State Street ; Ellsworth, Maine 04605",519,https://joblink.maine.gov/search/warn_lookups/519
Subway- Hampden,"Sep 18, 2023",15,Non-WARN,Hampden,04444,1 - Northeastern Workforce Board,"7 Western Ave ; Hampden, Maine 04444",520,https://joblink.maine.gov/search/warn_lookups/520
The Portland Pheonix,"Jul 26, 2023",7,Non-WARN,Falmouth,04105,4 - Coastal Counties Local Area 4,"251 US RT 1 ; Falmouth, Maine 04105",521,https://joblink.maine.gov/search/warn_lookups/521
Yellow Corporation,"Jul 30, 2023",13,WARN,Fairfield,04937,3 - Central Western Local Area 3,"44 Sheridan Dr; Fairfield, Maine 04937",506,https://joblink.maine.gov/search/warn_lookups/506
Yellow Corporation,"Jul 30, 2023",16,WARN,Westbrook,04092,4 - Coastal Counties Local Area 4,"75 Eisenhower Dr; Westbrook, Maine 04092",505,https://joblink.maine.gov/search/warn_lookups/505
Major's Appliance Service,"Aug 21, 2023",9,Non-WARN,Farmingdale,04344,3 - Central Western Local Area 3,"680 Maine St ; Farmingdale, Maine 04344",507,https://joblink.maine.gov/search/warn_lookups/507
Walgreens,"Aug 30, 2023",12,Non-WARN,Guilford,04443,1 - Northeastern Workforce Board,"3 Hudson Ave 147; Guilford, Maine 04443",508,https://joblink.maine.gov/search/warn_lookups/508
Biddeford Internet Corp - DBA GWI,"Aug 28, 2023",12,Non-WARN,Biddeford,04005,4 - Coastal Counties Local Area 4,"43 Landry St ; Biddeford, Maine 04005",509,https://joblink.maine.gov/search/warn_lookups/509
Windham Weaponry,"Sep 12, 2023",10,Non-WARN,Windham,04062,4 - Coastal Counties Local Area 4,"999 Roosevelt Trail Windham ; Windham, Maine 04062",522,https://joblink.maine.gov/search/warn_lookups/522
Jotul North America,"Aug 31, 2023",9,Non-WARN,Gorham,04038,4 - Coastal Counties Local Area 4,"55 Hutcherson Dr ; Gorham, Maine 04038",511,https://joblink.maine.gov/search/warn_lookups/511
Esoco Orrington LLC,"Sep 05, 2023",31,Non-WARN,Orrington,04474,1 - Northeastern Workforce Board,"29 Industrial Way ; Orrington, Maine 04474",512,https://joblink.maine.gov/search/warn_lookups/512
Paradigm Windows,"Sep 06, 2023",7,Non-WARN,Portland,04103,4 - Coastal Counties Local Area 4,"56 Milliken St ; Portland, Maine 04103",514,https://joblink.maine.gov/search/warn_lookups/514
York Hospital,"Sep 11, 2023",3,Non-WARN,York,03909,4 - Coastal Counties Local Area 4,"LOVING KINDNESS WAY YORK; York, Maine 03909",515,https://joblink.maine.gov/search/warn_lookups/515
The Danforth,"Sep 19, 2023",15,Non-WARN,Portland,04102,4 - Coastal Counties Local Area 4,"211 Danforth St ; Portland, Maine 04102",516,https://joblink.maine.gov/search/warn_lookups/516
Cousineau INC,"Sep 26, 2023",3,Non-WARN,Wilton,04294,3 - Central Western Local Area 3,"845 US Rt 2; Wilton, Maine 04294",523,https://joblink.maine.gov/search/warn_lookups/523
Dip Net,"Sep 28, 2023",12,Non-WARN,Port Clyde,04855,4 - Coastal Counties Local Area 4,"2 Cold Storage Rd ; Port Clyde, Maine 04855",524,https://joblink.maine.gov/search/warn_lookups/524
Petite Jacqueline,"Sep 25, 2023",10,Non-WARN,Portland,04101,4 - Coastal Counties Local Area 4,"46 Market St ; Portland, Maine 04101",525,https://joblink.maine.gov/search/warn_lookups/525
Bluebird Restaurant,"Sep 14, 2023",28,Non-WARN,Machias,04654,1 - Northeastern Workforce Board,"78 Main St ; Machias, Maine 04654",526,https://joblink.maine.gov/search/warn_lookups/526
Thriveworks Counseling & Psychiatry,"Sep 25, 2023",1,WARN,Portland,04101,4 - Coastal Counties Local Area 4,"550 Forest Ave #201; Portland, Maine 04101",527,https://joblink.maine.gov/search/warn_lookups/527
Mi Pueblo Tacos y Tequila,"Oct 02, 2023",4,Non-WARN,Biddeford,04005,4 - Coastal Counties Local Area 4,"500 Mariner Way ; Biddeford, Maine 04005",528,https://joblink.maine.gov/search/warn_lookups/528
Jotul North America,"Oct 03, 2023",13,Non-WARN,Gorham,04038,4 - Coastal Counties Local Area 4,"55 Hutcherson Dr; Gorham, Maine 04038",529,https://joblink.maine.gov/search/warn_lookups/529
First Savings Bank,"Oct 06, 2023",1,WARN,Jeffersonville,47130,4 - Coastal Counties Local Area 4,"702 North Shore Dr ; Jeffersonville, Indiana 47130",530,https://joblink.maine.gov/search/warn_lookups/530
Flemish Master Weavers,"Oct 05, 2023",1,Non-WARN,Sanford,04073,4 - Coastal Counties Local Area 4,"96 Gatehouse Rd; Sanford, Maine 04073",531,https://joblink.maine.gov/search/warn_lookups/531
Brickhouse Restaurant,"Oct 17, 2023",13,Non-WARN,Skowhegan,04976,3 - Central Western Local Area 3,"147 Madison Ave; Skowhegan, Maine 04976",532,https://joblink.maine.gov/search/warn_lookups/532
Elevance Health,"Oct 02, 2023",7,Non-WARN,Norfolk,23502,4 - Coastal Counties Local Area 4,"5800 Northampton Blvd; Norfolk, Virginia 23502",533,https://joblink.maine.gov/search/warn_lookups/533
Radici,"Oct 27, 2023",1,Non-WARN,Portland,04101,4 - Coastal Counties Local Area 4,"52 Washington ave ; Portland, Maine 04101",534,https://joblink.maine.gov/search/warn_lookups/534
Hamilton Marine,"Oct 30, 2023",6,Non-WARN,Searsport,04974,4 - Coastal Counties Local Area 4,"155 E Main St; Searsport, Maine 04974",535,https://joblink.maine.gov/search/warn_lookups/535
Mainely Grass,"Nov 06, 2023",14,Non-WARN,Westbrook,04092,4 - Coastal Counties Local Area 4,"690 Stroudwater St; Westbrook, Maine 04092",536,https://joblink.maine.gov/search/warn_lookups/536
Migis Hotel Group,"Nov 14, 2023",250,Non-WARN,Westbrook,04092,4 - Coastal Counties Local Area 4,"506 Main Street, ste 28; Westbrook, Maine 04092",537,https://joblink.maine.gov/search/warn_lookups/537
Friar's Brew House & Taproom,"Nov 03, 2023",2,Non-WARN,Bucksport,04416,4 - Coastal Counties Local Area 4,"55 Orcutt Mountain Road; Bucksport, Maine 04416",538,https://joblink.maine.gov/search/warn_lookups/538
Tiny Tikes Daycare,"Nov 06, 2023",15,Non-WARN,Trenton,04605,4 - Coastal Counties Local Area 4,"163 Bar Harbor Road ; Trenton , Maine 04605",539,https://joblink.maine.gov/search/warn_lookups/539
Greenhead Lobster Products LLC,"Oct 24, 2023",80,Non-WARN,Bucksport,04416,4 - Coastal Counties Local Area 4,"122 Heritage Park ; Bucksport, Maine 04416",540,https://joblink.maine.gov/search/warn_lookups/540
Part and Parcel,"Nov 27, 2023",1,Non-WARN,Biddeford,04005,4 - Coastal Counties Local Area 4,"17 Alfred St ; Biddeford, Maine 04005",541,https://joblink.maine.gov/search/warn_lookups/541
Island Dog Brewing,"Nov 22, 2023",1,Non-WARN,South Portland,04106,4 - Coastal Counties Local Area 4,"125 John Roberts Rd , Unit 15; South Portland, Maine 04106",542,https://joblink.maine.gov/search/warn_lookups/542
Yelloh!,"Nov 29, 2023",4,WARN,Gorham,04038,4 - Coastal Counties Local Area 4,"5 Hutcherson Dr; Gorham, Maine 04038",543,https://joblink.maine.gov/search/warn_lookups/543
Johanson Boatworks,"Dec 12, 2023",2,Non-WARN,Rockland,04841,4 - Coastal Counties Local Area 4,"11 Farwell Dr; Rockland, Maine 04841",544,https://joblink.maine.gov/search/warn_lookups/544
Hometown Convenience,"Nov 23, 2023",4,Non-WARN,Boothbay Harbor,04538,4 - Coastal Counties Local Area 4,"107 Eastern Ave; Boothbay Harbor, Maine 04538",545,https://joblink.maine.gov/search/warn_lookups/545
D’tails Dog Grooming LLC,"Dec 01, 2023",4,Non-WARN,Brunswick,04011,4 - Coastal Counties Local Area 4,"33 Bath Rd Brunswick; Brunswick, Maine 04011",546,https://joblink.maine.gov/search/warn_lookups/546
Dragon Cement,"Sep 06, 2023",30,WARN,Thomaston,04861,4 - Coastal Counties Local Area 4,"107 New County Rd; Thomaston, Maine 04861",513,https://joblink.maine.gov/search/warn_lookups/513
Yankee Lanes,"May 21, 2022",15,Non-WARN,Brunswick,04011,4 - Coastal Counties Local Area 4,"276 Bath Road; Brunswick, Maine 04011",418,https://joblink.maine.gov/search/warn_lookups/418
Village Soup,"Jan 13, 2022",3,Non-WARN,Camden,04843,4 - Coastal Counties Local Area 4,"6 Virginia Ave.; Camden, Maine 04843",401,https://joblink.maine.gov/search/warn_lookups/401
Purestat,"Jan 10, 2022",26,Non-WARN,Lewiston,04240,3 - Central Western Local Area 3,"21 Old Farm Road; Lewiston, Maine 04240",402,https://joblink.maine.gov/search/warn_lookups/402
NEUCO,"Feb 01, 2022",5,Non-WARN,Lawrence,01843,4 - Coastal Counties Local Area 4,"94 Glenn Street; Lawrence, Massachusetts 01843",403,https://joblink.maine.gov/search/warn_lookups/403
Stage Neck Inn,"Feb 01, 2022",15,Non-WARN,York Harbor,03911,4 - Coastal Counties Local Area 4,"PO Box 70; York Harbor, Maine 03911",404,https://joblink.maine.gov/search/warn_lookups/404
Mike's Clam Shop,"Feb 01, 2022",17,Non-WARN,Wells,04090,4 - Coastal Counties Local Area 4,"1150 Post Rd; Wells, Maine 04090",405,https://joblink.maine.gov/search/warn_lookups/405
Shaw's Supermarket,"Feb 23, 2022",0,Non-WARN,Westbrook,04092,4 - Coastal Counties Local Area 4,"Main Street; Westbrook, Maine 04092",406,https://joblink.maine.gov/search/warn_lookups/406
Dollar Tree,"Feb 23, 2022",9,Non-WARN,Millinocket,04462,1 - Northeastern Workforce Board,"784 Central Street; Millinocket, Maine 04462",407,https://joblink.maine.gov/search/warn_lookups/407
University of New England,"Feb 24, 2022",6,Non-WARN,Biddeford,04005,4 - Coastal Counties Local Area 4,"11 Hills Beach Road; Biddeford, Maine 04005",408,https://joblink.maine.gov/search/warn_lookups/408
Whiting Farm,"Mar 11, 2022",7,Non-WARN,Auburn,04210,3 - Central Western Local Area 3,"882 Summer Street; Auburn, Maine 04210",409,https://joblink.maine.gov/search/warn_lookups/409
Grand Isle General Store,"Mar 01, 2022",2,Non-WARN,Grand Isle,04746,1 - Northeastern Workforce Board,"364 Main Street; Grand Isle, Maine 04746",410,https://joblink.maine.gov/search/warn_lookups/410
ProKnee,"Mar 07, 2022",7,Non-WARN,Whitefield,04353,4 - Coastal Counties Local Area 4,"137 Devine Road; Whitefield, Maine 04353",411,https://joblink.maine.gov/search/warn_lookups/411
ON Semiconductor,"Mar 01, 2022",19,Non-WARN,South Portland,04106,4 - Coastal Counties Local Area 4,"33 Western Avenue; South Portland, Maine 04106",412,https://joblink.maine.gov/search/warn_lookups/412
Machias Veteran' Home,"Mar 01, 2022",48,Non-WARN,Machias,04654,1 - Northeastern Workforce Board,"32 Veteran's Way; Machias, Maine 04654",413,https://joblink.maine.gov/search/warn_lookups/413
RA Paradis,"Mar 31, 2022",2,Non-WARN,Newport,04953,1 - Northeastern Workforce Board,"81 Blaisdell Road; Newport, Maine 04953",414,https://joblink.maine.gov/search/warn_lookups/414
Mid-Coast Dermatology,"Mar 31, 2022",2,Non-WARN,Brunswick,04011,4 - Coastal Counties Local Area 4,"85 Baribeau Drive; Brunswick, Maine 04011",415,https://joblink.maine.gov/search/warn_lookups/415
Maine Natural Health,"Apr 26, 2022",5,Non-WARN,Warren,04864,4 - Coastal Counties Local Area 4,"825 Atlantic Highway; Warren, Maine 04864",416,https://joblink.maine.gov/search/warn_lookups/416
Burrelle's,"Apr 18, 2022",3,Non-WARN,Presque Isle,04769,1 - Northeastern Workforce Board,"21 North Street #B; Presque Isle, Maine 04769",417,https://joblink.maine.gov/search/warn_lookups/417
Trails n Ales,"May 14, 2022",16,Non-WARN,Gray,04039,4 - Coastal Counties Local Area 4,"64 Lewiston Road; Gray, Maine 04039",419,https://joblink.maine.gov/search/warn_lookups/419
Beach Cove Waterfront Inn,"May 24, 2022",1,Non-WARN,Boothbay Harbor,04538,4 - Coastal Counties Local Area 4,"43 Lakeview Road; Boothbay Harbor, Maine 04538",420,https://joblink.maine.gov/search/warn_lookups/420
The Roost,"May 02, 2022",5,Non-WARN,Calais,04619,1 - Northeastern Workforce Board,"439 Main Street; Calais, Maine 04619",421,https://joblink.maine.gov/search/warn_lookups/421
Scarborough Downs,"May 31, 2022",10,Non-WARN,Scarborough,04074,4 - Coastal Counties Local Area 4,"90 Payne Road; Scarborough, Maine 04074",422,https://joblink.maine.gov/search/warn_lookups/422
Mexico One Stop,"Jun 02, 2022",5,Non-WARN,Mexico,04257,3 - Central Western Local Area 3,"1 Harlow Hill Road; Mexico, Maine 04257",424,https://joblink.maine.gov/search/warn_lookups/424
Wander Pizza,"Jun 10, 2022",8,Non-WARN,Augusta,04330,3 - Central Western Local Area 3,"265 Western Avenue; Augusta, Maine 04330",425,https://joblink.maine.gov/search/warn_lookups/425
Gray Owl,"Nov 08, 2022",6,Non-WARN,Rockland,04841,4 - Coastal Counties Local Area 4,"2 Park Drive; Rockland, Maine 04841",445,https://joblink.maine.gov/search/warn_lookups/445
Cafe Miranda,"Jun 15, 2022",12,Non-WARN,Rockland,04841,4 - Coastal Counties Local Area 4,"12 Oak Street; Rockland, Maine 04841",427,https://joblink.maine.gov/search/warn_lookups/427
Kamasouptra,"Jun 07, 2022",2,Non-WARN,Portland,04101,4 - Coastal Counties Local Area 4,"28 Monument Square; Portland, Maine 04101",428,https://joblink.maine.gov/search/warn_lookups/428
Mars Hill Health Center,"Jun 28, 2022",3,Non-WARN,Mars Hill,04758,1 - Northeastern Workforce Board,"106 Main Street; Mars Hill, Maine 04758",429,https://joblink.maine.gov/search/warn_lookups/429
Wentworth Family Corner Store,"Jun 30, 2022",6,Non-WARN,Frankfort,04438,4 - Coastal Counties Local Area 4,"18 South Main Rd; Frankfort, Maine 04438",430,https://joblink.maine.gov/search/warn_lookups/430
Smokin' Dave's BBQ and Grill,"Jul 08, 2022",10,Non-WARN,Norway,04268,3 - Central Western Local Area 3,"240 Main Street; Norway, Maine 04268",431,https://joblink.maine.gov/search/warn_lookups/431
Petrillo's Food,"Jul 15, 2022",12,Non-WARN,Freeport,04032,4 - Coastal Counties Local Area 4,"15 Depot Street; Freeport, Maine 04032",433,https://joblink.maine.gov/search/warn_lookups/433
Green Tea Restaurant,"Jul 28, 2022",17,Non-WARN,Sanford,04073,4 - Coastal Counties Local Area 4,"1005 Main Street; Sanford, Maine 04073",434,https://joblink.maine.gov/search/warn_lookups/434
Boondock's Grille,"Sep 22, 2022",0,Non-WARN,Fort Fairfield,04742,1 - Northeastern Workforce Board,"294 Main Street; Fort Fairfield, Maine 04742",435,https://joblink.maine.gov/search/warn_lookups/435
Paul's Gas and Car Wash,"Sep 22, 2022",2,Non-WARN,Frenchville,04745,1 - Northeastern Workforce Board,"355 US 1; Frenchville, Maine 04745",436,https://joblink.maine.gov/search/warn_lookups/436
Olympia Sports,"Sep 22, 2022",0,Non-WARN,Presque Isle,04769,1 - Northeastern Workforce Board,"830 Main Street Unit 13; Presque Isle, Maine 04769",437,https://joblink.maine.gov/search/warn_lookups/437
Urban Element Farm Fresh Eatery and Pub,"Sep 22, 2022",6,Non-WARN,Topsham,04086,4 - Coastal Counties Local Area 4,"235 Lewiston Road; Topsham, Maine 04086",438,https://joblink.maine.gov/search/warn_lookups/438
Aubuchon Hardware,"Sep 09, 2022",8,Non-WARN,Sanford,04073,4 - Coastal Counties Local Area 4,"640 Main Street; Sanford, Maine 04073",439,https://joblink.maine.gov/search/warn_lookups/439
Madlyn's New and Used Consignment,"Oct 12, 2022",4,Non-WARN,Waterville,04901,3 - Central Western Local Area 3,"42 Main Street; Waterville, Maine 04901",440,https://joblink.maine.gov/search/warn_lookups/440
The Butchers and Bakers,"Oct 12, 2022",22,Non-WARN,Brunswick,04011,4 - Coastal Counties Local Area 4,"149 Maine Street; Brunswick, Maine 04011",441,https://joblink.maine.gov/search/warn_lookups/441
Common Loon Public House,"Jun 13, 2022",10,Non-WARN,Orono,04473,1 - Northeastern Workforce Board,"36 Main Street; Orono, Maine 04473",426,https://joblink.maine.gov/search/warn_lookups/426
Opportunity Alliance,"Nov 07, 2022",22,Non-WARN,South Portland,04106,4 - Coastal Counties Local Area 4,"50 Lydia Lane; South Portland, Maine 04106",442,https://joblink.maine.gov/search/warn_lookups/442
Corner Store,"Nov 02, 2022",7,Non-WARN,Howland,04448,3 - Central Western Local Area 3,"3 Water Street; Howland, Maine 04448",443,https://joblink.maine.gov/search/warn_lookups/443
Pixelle Speciality Solutions,"Sep 30, 2022",230,WARN,Jay,04239,3 - Central Western Local Area 3,"300 Riley Road; Jay, Maine 04239",444,https://joblink.maine.gov/search/warn_lookups/444
Irish Setter Pub,"Nov 22, 2022",25,Non-WARN,Presque Isle,04769,1 - Northeastern Workforce Board,"710 Main Street; Presque Isle, Maine 04769",446,https://joblink.maine.gov/search/warn_lookups/446
Solstice Cafe,"Nov 29, 2022",2,Non-WARN,Bangor,04401,1 - Northeastern Workforce Board,"73 Main Street; Bangor, Maine 04401",447,https://joblink.maine.gov/search/warn_lookups/447
Save-A-Lot,"Nov 23, 2022",8,Non-WARN,Farmington,04938,3 - Central Western Local Area 3,"654 Wilton Road; Farmington, Maine 04938",448,https://joblink.maine.gov/search/warn_lookups/448
Valentine Footwear,"Nov 30, 2022",2,Non-WARN,Bangor,04401,1 - Northeastern Workforce Board,"115 Main Street; Bangor, Maine 04401",449,https://joblink.maine.gov/search/warn_lookups/449
Duvaltex,"Sep 01, 2022",120,Non-WARN,Guilford,04443,3 - Central Western Local Area 3,"8 Oak Street; Guilford, Maine 04443",450,https://joblink.maine.gov/search/warn_lookups/450
Maine Jewelry and Art,"Dec 06, 2022",3,Non-WARN,Bangor,04401,1 - Northeastern Workforce Board,"100 Harlow Street; Bangor, Maine 04401",451,https://joblink.maine.gov/search/warn_lookups/451
Sweetser,"Jul 11, 2022",139,WARN,Saco,04072,1 - Northeastern Workforce Board,"50 Moody Street; Saco, Maine 04072",432,https://joblink.maine.gov/search/warn_lookups/432
Freedom General Store,"Dec 13, 2022",4,Non-WARN,Freedom,04941,4 - Coastal Counties Local Area 4,"27 Belfast Road; Freedom, Maine 04941",452,https://joblink.maine.gov/search/warn_lookups/452
Chipotle,"Jul 19, 2022",20,Non-WARN,Augusta,04330,3 - Central Western Local Area 3,"1 Stephen King Drive; Augusta, Maine 04330",464,https://joblink.maine.gov/search/warn_lookups/464
Portland Museum of Art,"Jan 04, 2021",15,Non-WARN,,,4 - Coastal Counties Local Area 4,,361,https://joblink.maine.gov/search/warn_lookups/361
"Office of Robert Haeberlein, M.D.","Jan 06, 2021",0,Non-WARN,,,1 - Northeastern Workforce Board,,362,https://joblink.maine.gov/search/warn_lookups/362
"Christopher & Banks, CJ Banks","Jan 27, 2021",12,Non-WARN,,,1 - Northeastern Workforce Board,,364,https://joblink.maine.gov/search/warn_lookups/364
Christopher & Banks,"Jan 29, 2021",6,Non-WARN,,,3 - Central Western Local Area 3,,365,https://joblink.maine.gov/search/warn_lookups/365
Christopher & Banks,"Jan 29, 2021",5,Non-WARN,,,3 - Central Western Local Area 3,,366,https://joblink.maine.gov/search/warn_lookups/366
Rebecca's Place,"Jan 29, 2021",2,Non-WARN,,,3 - Central Western Local Area 3,,367,https://joblink.maine.gov/search/warn_lookups/367
Christopher & Banks,"Jan 29, 2021",5,Non-WARN,,,4 - Coastal Counties Local Area 4,,368,https://joblink.maine.gov/search/warn_lookups/368
LL Bean,"Feb 01, 2021",7,Non-WARN,,,4 - Coastal Counties Local Area 4,,369,https://joblink.maine.gov/search/warn_lookups/369
TD Bank,"Feb 12, 2021",64,Non-WARN,,,3 - Central Western Local Area 3,,370,https://joblink.maine.gov/search/warn_lookups/370
Beverley's Hallmark,"Feb 17, 2021",7,Non-WARN,Waterville,04901,3 - Central Western Local Area 3,"100 Elm Plaza; Waterville, Maine 04901",371,https://joblink.maine.gov/search/warn_lookups/371
McDnalds,"Mar 02, 2021",30,Non-WARN,Calais,04619,1 - Northeastern Workforce Board,"191 North Street; Calais, Maine 04619",372,https://joblink.maine.gov/search/warn_lookups/372
Burrelles Luce,"Mar 05, 2021",5,Non-WARN,Presque Isle,04769,1 - Northeastern Workforce Board,"21 North Street Ste. B; Presque Isle, Maine 04769",373,https://joblink.maine.gov/search/warn_lookups/373
LL Bean,"Mar 19, 2021",3,Non-WARN,Freeport,04032,4 - Coastal Counties Local Area 4,"LL Bean, Casco Street; Freeport, Maine 04032",374,https://joblink.maine.gov/search/warn_lookups/374
East Coast Seafood Group,"Mar 18, 2021",30,Non-WARN,New Bedford,04270,1 - Northeastern Workforce Board,"10 North Front Street; New Bedford, Massachusetts 04270",375,https://joblink.maine.gov/search/warn_lookups/375
ProKnee,"Feb 27, 2021",10,Non-WARN,Whitefield,04353,4 - Coastal Counties Local Area 4,"137 Devine Road; Whitefield, Maine 04353",376,https://joblink.maine.gov/search/warn_lookups/376
Bath Brewing Company,"Jan 03, 2021",10,Non-WARN,Bath,04530,4 - Coastal Counties Local Area 4,"141 Front Street; Bath, Maine 04530",377,https://joblink.maine.gov/search/warn_lookups/377
Rosie's Lovell Village Store,"Mar 26, 2021",2,Non-WARN,Lovell,04051,3 - Central Western Local Area 3,"234 Maine Street; Lovell, Maine 04051",378,https://joblink.maine.gov/search/warn_lookups/378
Backyard Farms,"Apr 13, 2021",50,Non-WARN,Madison,04950,3 - Central Western Local Area 3,"131 River Road; Madison, Maine 04950",379,https://joblink.maine.gov/search/warn_lookups/379
Day One,"Apr 23, 2021",6,Non-WARN,South Portland,04106,3 - Central Western Local Area 3,"525 Main Street; South Portland, Maine 04106",380,https://joblink.maine.gov/search/warn_lookups/380
Dollar Tree,"Apr 23, 2021",11,Non-WARN,Machias,04654,1 - Northeastern Workforce Board,"160 Dublin Street; Machias, Maine 04654",381,https://joblink.maine.gov/search/warn_lookups/381
General Electric,"Apr 28, 2021",70,Non-WARN,Bangor,04401,1 - Northeastern Workforce Board,"534 Griffin Road; Bangor, Maine 04401",382,https://joblink.maine.gov/search/warn_lookups/382
Abbott Laboratories,"Jul 07, 2021",310,WARN,Westbrook,04092,4 - Coastal Counties Local Area 4,"5 Bradley Rd; Westbrook, Maine 04092",383,https://joblink.maine.gov/search/warn_lookups/383
Curry Printing,"Jul 09, 2021",4,Non-WARN,Auburn,04210,3 - Central Western Local Area 3,"31 Mill Street; Auburn, Maine 04210",384,https://joblink.maine.gov/search/warn_lookups/384
Direct Community Care,"Aug 27, 2021",12,Non-WARN,Augusta,04330,3 - Central Western Local Area 3,"9 Green Street; Augusta, Maine 04330",385,https://joblink.maine.gov/search/warn_lookups/385
Country Manor,"Aug 30, 2021",50,Non-WARN,Coopers Mills,04341,4 - Coastal Counties Local Area 4,"132 Main Street; Coopers Mills, Maine 04341",386,https://joblink.maine.gov/search/warn_lookups/386
Somerset Rehabilitation,"Sep 02, 2021",60,Non-WARN,Bingham,04920,3 - Central Western Local Area 3,"43 Owens Street; Bingham, Maine 04920",388,https://joblink.maine.gov/search/warn_lookups/388
B&M Beans,"Aug 30, 2021",86,WARN,Portland,04103,4 - Coastal Counties Local Area 4,"1 Beanpot Circle; Portland, Maine 04103",389,https://joblink.maine.gov/search/warn_lookups/389
Big Al's of Maine,"Sep 16, 2021",13,Non-WARN,Wiscasset,04578,4 - Coastal Counties Local Area 4,"US Rt. 1; Wiscasset, Maine 04578",390,https://joblink.maine.gov/search/warn_lookups/390
The Bucket Company,"Sep 17, 2021",16,Non-WARN,Lewiston,04241,3 - Central Western Local Area 3,"21 Fire Slate Place; Lewiston, Maine 04241",391,https://joblink.maine.gov/search/warn_lookups/391
Island Nursing Home,"Aug 31, 2021",65,Non-WARN,Deer Isle,04627,1 - Northeastern Workforce Board,"587 N Deer Isle Road; Deer Isle, Maine 04627",387,https://joblink.maine.gov/search/warn_lookups/387
Shaw House,"Sep 20, 2021",14,Non-WARN,Biddeford,04005,4 - Coastal Counties Local Area 4,"257 South Street; Biddeford, Maine 04005",392,https://joblink.maine.gov/search/warn_lookups/392
Ben's Trading Post,"Sep 30, 2021",4,Non-WARN,Presque Isle,04769,1 - Northeastern Workforce Board,"719 Main Street; Presque Isle, Maine 04769",393,https://joblink.maine.gov/search/warn_lookups/393
Easter Seals Maine,"Oct 22, 2021",8,Non-WARN,South Portland,04106,4 - Coastal Counties Local Area 4,"14 Atlantic Place; South Portland, Maine 04106",394,https://joblink.maine.gov/search/warn_lookups/394
Dollar Tree,"Nov 10, 2021",8,Non-WARN,Madawaska,04756,1 - Northeastern Workforce Board,"81 Fox Street; Madawaska, Maine 04756",395,https://joblink.maine.gov/search/warn_lookups/395
Delvina,"Apr 30, 2021",3,Non-WARN,Belfast,04915,4 - Coastal Counties Local Area 4,"52 Main St.; Belfast, Maine 04915",396,https://joblink.maine.gov/search/warn_lookups/396
Aunt Gin's,"May 01, 2021",5,Non-WARN,Whitefield,04353,4 - Coastal Counties Local Area 4,"48 Augusta Road; Whitefield, Maine 04353",397,https://joblink.maine.gov/search/warn_lookups/397
Little Giant,"Sep 05, 2021",26,Non-WARN,Portland,04102,4 - Coastal Counties Local Area 4,"211 Danforth Street; Portland, Maine 04102",398,https://joblink.maine.gov/search/warn_lookups/398
Hawthorne Inn,"Dec 03, 2021",4,Non-WARN,Camden,04843,4 - Coastal Counties Local Area 4,"9 High Street; Camden, Maine 04843",399,https://joblink.maine.gov/search/warn_lookups/399
Penobscot Community Health Care,"Dec 01, 2021",30,Non-WARN,Bangor,04401,1 - Northeastern Workforce Board,"103 Maine Ave; Bangor, Maine 04401",400,https://joblink.maine.gov/search/warn_lookups/400
EVO Merchant Services,"Jan 07, 2020",139,WARN,,,4 - Coastal Counties Local Area 4,,250,https://joblink.maine.gov/search/warn_lookups/250
Famous Dave's Bar-B-Cue,"Jan 03, 2020",75,Non-WARN,,,4 - Coastal Counties Local Area 4,,251,https://joblink.maine.gov/search/warn_lookups/251
Game Stop,"Jan 03, 2020",5,Non-WARN,,,4 - Coastal Counties Local Area 4,,252,https://joblink.maine.gov/search/warn_lookups/252
Bass Factory Outlet,"Jan 03, 2020",4,Non-WARN,,,4 - Coastal Counties Local Area 4,,253,https://joblink.maine.gov/search/warn_lookups/253
Bass Shoe Outlet,"Jan 03, 2020",10,Non-WARN,,,4 - Coastal Counties Local Area 4,,254,https://joblink.maine.gov/search/warn_lookups/254
Joyce's,"Jan 02, 2020",13,Non-WARN,,,3 - Central Western Local Area 3,,255,https://joblink.maine.gov/search/warn_lookups/255
Home Care for Maine,"Jan 30, 2020",366,WARN,,,3 - Central Western Local Area 3,,256,https://joblink.maine.gov/search/warn_lookups/256
Aroostook Milling,"Feb 04, 2020",2,Non-WARN,Presque Isle,04769,1 - Northeastern Workforce Board,"191 Parsons Road; Presque Isle, Maine 04769",257,https://joblink.maine.gov/search/warn_lookups/257
Burger King,"Feb 01, 2020",70,Non-WARN,Presques Isle,04769,1 - Northeastern Workforce Board,"795 Main St; Presques Isle, Maine 04769",258,https://joblink.maine.gov/search/warn_lookups/258
Bolsters Mills General Store,"Jan 31, 2020",7,Non-WARN,,,3 - Central Western Local Area 3,,259,https://joblink.maine.gov/search/warn_lookups/259
Sleepers,"Jan 13, 2020",3,Non-WARN,,,3 - Central Western Local Area 3,,261,https://joblink.maine.gov/search/warn_lookups/261
Days Milk Transport/Countryside Restaurant,"Jan 02, 2020",37,Non-WARN,,,1 - Northeastern Workforce Board,,262,https://joblink.maine.gov/search/warn_lookups/262
"Huhtamaki, Inc","Mar 20, 2020",102,WARN,,,3 - Central Western Local Area 3,,282,https://joblink.maine.gov/search/warn_lookups/282
Kay Jewelers,"Jan 07, 2020",7,Non-WARN,,,1 - Northeastern Workforce Board,,263,https://joblink.maine.gov/search/warn_lookups/263
Pier 1,"Jan 27, 2020",15,Non-WARN,,,3 - Central Western Local Area 3,,264,https://joblink.maine.gov/search/warn_lookups/264
Ship City Taxi,"Feb 14, 2020",8,Non-WARN,,,4 - Coastal Counties Local Area 4,,268,https://joblink.maine.gov/search/warn_lookups/268
Wayfair,"Feb 13, 2020",55,Non-WARN,,,4 - Coastal Counties Local Area 4,,269,https://joblink.maine.gov/search/warn_lookups/269
Irving Forest Products,"Jan 16, 2020",6,Non-WARN,,,3 - Central Western Local Area 3,,270,https://joblink.maine.gov/search/warn_lookups/270
Salley's Auto Repair,"Feb 11, 2020",3,Non-WARN,,,1 - Northeastern Workforce Board,,271,https://joblink.maine.gov/search/warn_lookups/271
Wendy's,"Jan 30, 2020",30,Non-WARN,,,3 - Central Western Local Area 3,,272,https://joblink.maine.gov/search/warn_lookups/272
Office Max,"Feb 21, 2020",20,Non-WARN,,,3 - Central Western Local Area 3,,273,https://joblink.maine.gov/search/warn_lookups/273
Party City,"Feb 19, 2020",12,Non-WARN,,,3 - Central Western Local Area 3,,274,https://joblink.maine.gov/search/warn_lookups/274
"FormTek, In","Feb 27, 2020",7,Non-WARN,,,3 - Central Western Local Area 3,,275,https://joblink.maine.gov/search/warn_lookups/275
The BedWorks of Maine,"Feb 28, 2020",10,Non-WARN,,,1 - Northeastern Workforce Board,,276,https://joblink.maine.gov/search/warn_lookups/276
"L.L. Bean, Inc.","Feb 05, 2020",200,Non-WARN,,,4 - Coastal Counties Local Area 4,,277,https://joblink.maine.gov/search/warn_lookups/277
DiElectric LLC,"Feb 13, 2020",40,Non-WARN,,,4 - Coastal Counties Local Area 4,,278,https://joblink.maine.gov/search/warn_lookups/278
Whittemore & Sons Tractor & Power Equipment,"Mar 17, 2020",3,Non-WARN,,,3 - Central Western Local Area 3,,279,https://joblink.maine.gov/search/warn_lookups/279
American Legion Post 14,"Mar 17, 2020",4,Non-WARN,,,3 - Central Western Local Area 3,,280,https://joblink.maine.gov/search/warn_lookups/280
HMS Host,"Mar 21, 2020",60,WARN,,,4 - Coastal Counties Local Area 4,,281,https://joblink.maine.gov/search/warn_lookups/281
Gissing,"Mar 25, 2020",84,WARN,,,3 - Central Western Local Area 3,,283,https://joblink.maine.gov/search/warn_lookups/283
JS McCarthy Printers,"Mar 26, 2020",61,WARN,,,3 - Central Western Local Area 3,,284,https://joblink.maine.gov/search/warn_lookups/284
Sweetser,"Apr 10, 2020",10,WARN,,,4 - Coastal Counties Local Area 4,,285,https://joblink.maine.gov/search/warn_lookups/285
Prime Motor Group,"Apr 18, 2020",78,Non-WARN,,,4 - Coastal Counties Local Area 4,,286,https://joblink.maine.gov/search/warn_lookups/286
Prime Motor Group,"Apr 18, 2020",101,Non-WARN,,,4 - Coastal Counties Local Area 4,,287,https://joblink.maine.gov/search/warn_lookups/287
18 Below,"Mar 21, 2020",6,Non-WARN,,,3 - Central Western Local Area 3,,288,https://joblink.maine.gov/search/warn_lookups/288
CIEE,"Mar 27, 2020",256,WARN,,,4 - Coastal Counties Local Area 4,,289,https://joblink.maine.gov/search/warn_lookups/289
Eat'n Park Hospitality Group Inc,"Apr 17, 2020",148,WARN,Biddeford,04005,4 - Coastal Counties Local Area 4,"11 Hills Beach Rd; Biddeford, Maine 04005",290,https://joblink.maine.gov/search/warn_lookups/290
"Bed, Bath & Beyond","Apr 17, 2020",71,WARN,Scarborough,04074,4 - Coastal Counties Local Area 4,"490 Payne Road; Scarborough, Maine 04074",291,https://joblink.maine.gov/search/warn_lookups/291
"Bed, Bath & Beyond","Apr 17, 2020",46,WARN,Augusta,04330,3 - Central Western Local Area 3,"42 Whitten Road; Augusta, Maine 04330",292,https://joblink.maine.gov/search/warn_lookups/292
"Bed, Bath & Beyond","Apr 17, 2020",56,WARN,Bangor,04401,1 - Northeastern Workforce Board,"46 Spring Drive; Bangor, Maine 04401",293,https://joblink.maine.gov/search/warn_lookups/293
"HH Brown Shoe Co., Inc.","Apr 01, 2020",10,WARN,Dexter,04930,1 - Northeastern Workforce Board,"71 Railroad Avenue; Dexter, Maine 04930",294,https://joblink.maine.gov/search/warn_lookups/294
Whitecraft Scarborough Tempe,"Apr 30, 2020",125,WARN,,,4 - Coastal Counties Local Area 4,,295,https://joblink.maine.gov/search/warn_lookups/295
Tasman,"May 04, 2020",115,WARN,,,3 - Central Western Local Area 3,,296,https://joblink.maine.gov/search/warn_lookups/296
Enterprise Holding Group,"Apr 20, 2020",63,WARN,Westbrook,04092,4 - Coastal Counties Local Area 4,"140 Larrabee Road; Westbrook, Maine 04092",297,https://joblink.maine.gov/search/warn_lookups/297
Chadwick-BaRoss,"May 04, 2020",16,WARN,,,4 - Coastal Counties Local Area 4,,298,https://joblink.maine.gov/search/warn_lookups/298
HH Brown Retail Store/Super Shoes,"Apr 24, 2020",10,WARN,South Portland,04106,4 - Coastal Counties Local Area 4,"364 Maine Mall Road; South Portland, Maine 04106",299,https://joblink.maine.gov/search/warn_lookups/299
HH Brown Retail Store/Super Shoes,"Apr 24, 2020",11,WARN,Auburn,04210,3 - Central Western Local Area 3,"550 Center Street; Auburn, Maine 04210",300,https://joblink.maine.gov/search/warn_lookups/300
HH Brown Retail Store/Super Shoes,"Apr 24, 2020",8,WARN,Bangor,04401,1 - Northeastern Workforce Board,"930 Stillwater Avenue; Bangor, Maine 04401",301,https://joblink.maine.gov/search/warn_lookups/301
HH Brown Retail Store/Super Shoes,"Apr 24, 2020",5,WARN,Ellsworth,04605,1 - Northeastern Workforce Board,"446 High Street; Ellsworth, Maine 04605",302,https://joblink.maine.gov/search/warn_lookups/302
HH Brown Retail Store/Super Shoes,"Apr 24, 2020",5,WARN,Rockport,04856,1 - Northeastern Workforce Board,"1070 Commercial Street; Rockport, Maine 04856",303,https://joblink.maine.gov/search/warn_lookups/303
HH Brown Retail Store/Super Shoes,"Apr 24, 2020",4,WARN,,,1 - Northeastern Workforce Board,,304,https://joblink.maine.gov/search/warn_lookups/304
HH Brown Retail Store/Super Shoes,"Apr 24, 2020",11,WARN,Waterville,04901,1 - Northeastern Workforce Board,"1 Washington Street; Waterville, Maine 04901",305,https://joblink.maine.gov/search/warn_lookups/305
Eric's Restaurant,"May 14, 2020",11,Non-WARN,,,3 - Central Western Local Area 3,,306,https://joblink.maine.gov/search/warn_lookups/306
Westin Portland Harborview,"May 18, 2020",97,Non-WARN,,,4 - Coastal Counties Local Area 4,,307,https://joblink.maine.gov/search/warn_lookups/307
Pedro O'Hara's - Brunswick,"May 29, 2020",5,Non-WARN,,,4 - Coastal Counties Local Area 4,,308,https://joblink.maine.gov/search/warn_lookups/308
Mid State Machine Products,"Jun 10, 2020",24,Non-WARN,,,3 - Central Western Local Area 3,,309,https://joblink.maine.gov/search/warn_lookups/309
Joseph's Fireside Steakhouse,"Jun 09, 2020",50,Non-WARN,,,3 - Central Western Local Area 3,,310,https://joblink.maine.gov/search/warn_lookups/310
Sweetser,"Apr 01, 2020",22,WARN,,,4 - Coastal Counties Local Area 4,,311,https://joblink.maine.gov/search/warn_lookups/311
"Whitcraft Scarborough Tempe, LLC","Apr 30, 2020",125,Non-WARN,,,4 - Coastal Counties Local Area 4,,312,https://joblink.maine.gov/search/warn_lookups/312
White Barn Inn,"Mar 31, 2020",43,WARN,,,4 - Coastal Counties Local Area 4,,313,https://joblink.maine.gov/search/warn_lookups/313
Hollywood Casino Hotel & Raceway,"Jun 15, 2020",121,WARN,,,1 - Northeastern Workforce Board,,314,https://joblink.maine.gov/search/warn_lookups/314
Pratt & Whitney,"Jun 01, 2020",100,WARN,,,4 - Coastal Counties Local Area 4,,315,https://joblink.maine.gov/search/warn_lookups/315
"Huhtamaki, Inc.","Mar 24, 2020",102,Non-WARN,,,3 - Central Western Local Area 3,,316,https://joblink.maine.gov/search/warn_lookups/316
HMS Host,"Mar 20, 2020",240,WARN,,,4 - Coastal Counties Local Area 4,,317,https://joblink.maine.gov/search/warn_lookups/317
Starc Systems Inc,"Jun 22, 2020",32,Non-WARN,,,4 - Coastal Counties Local Area 4,,318,https://joblink.maine.gov/search/warn_lookups/318
Nicky's Cruisin Diner,"Jun 23, 2020",24,Non-WARN,,,1 - Northeastern Workforce Board,,319,https://joblink.maine.gov/search/warn_lookups/319
Dempsey Center for Quality Cancer,"Jul 01, 2020",5,Non-WARN,South Portland,04106,4 - Coastal Counties Local Area 4,"778 Maine Street; South Portland, Maine 04106",320,https://joblink.maine.gov/search/warn_lookups/320
"NRF Distributors, Inc.","Jul 08, 2020",17,Non-WARN,,,3 - Central Western Local Area 3,,321,https://joblink.maine.gov/search/warn_lookups/321
SAPPI,"Jul 13, 2020",75,Non-WARN,,,4 - Coastal Counties Local Area 4,,322,https://joblink.maine.gov/search/warn_lookups/322
Pixelle Specialty Solutions,"Jul 14, 2020",59,WARN,,,3 - Central Western Local Area 3,,323,https://joblink.maine.gov/search/warn_lookups/323
Coca-Cola/Odwalla,"Jul 14, 2020",7,Non-WARN,,,4 - Coastal Counties Local Area 4,,324,https://joblink.maine.gov/search/warn_lookups/324
US Citizenship & Immigration Service / USCIS,"Jul 16, 2020",10,Non-WARN,,,4 - Coastal Counties Local Area 4,,325,https://joblink.maine.gov/search/warn_lookups/325
Sears - Brunswick,"Feb 10, 2020",15,Non-WARN,,,4 - Coastal Counties Local Area 4,,327,https://joblink.maine.gov/search/warn_lookups/327
Foshay-Carlton Cards & Gifts,"Jul 24, 2020",2,Non-WARN,,,3 - Central Western Local Area 3,,328,https://joblink.maine.gov/search/warn_lookups/328
PTM Inc / Pat's Pizza,"Jul 27, 2020",6,Non-WARN,,,3 - Central Western Local Area 3,,329,https://joblink.maine.gov/search/warn_lookups/329
Lane Bryant,"Aug 03, 2020",14,Non-WARN,,,3 - Central Western Local Area 3,,330,https://joblink.maine.gov/search/warn_lookups/330
Burrelle's Information Service LLC,"Jul 06, 2020",16,Non-WARN,,,1 - Northeastern Workforce Board,,331,https://joblink.maine.gov/search/warn_lookups/331
New Fab Inc/North East Welding & Fabrications Inc,"Aug 05, 2020",6,Non-WARN,,,3 - Central Western Local Area 3,,332,https://joblink.maine.gov/search/warn_lookups/332
General Nutrition Center Inc / GNC,"Aug 01, 2020",1,Non-WARN,,,4 - Coastal Counties Local Area 4,,333,https://joblink.maine.gov/search/warn_lookups/333
Unity College,"Aug 04, 2020",33,Non-WARN,,,4 - Coastal Counties Local Area 4,,334,https://joblink.maine.gov/search/warn_lookups/334
HMS Host,"Aug 17, 2020",64,WARN,,,4 - Coastal Counties Local Area 4,,335,https://joblink.maine.gov/search/warn_lookups/335
Jones and Vining,"Aug 24, 2020",30,Non-WARN,,,3 - Central Western Local Area 3,,336,https://joblink.maine.gov/search/warn_lookups/336
Sears - Maine Mall,"Sep 01, 2020",60,Non-WARN,,,4 - Coastal Counties Local Area 4,,337,https://joblink.maine.gov/search/warn_lookups/337
Lincoln County Publishing Co.,"Sep 03, 2020",1,Non-WARN,,,4 - Coastal Counties Local Area 4,,338,https://joblink.maine.gov/search/warn_lookups/338
Heidi Smith/Crissy's Breafast & Coffee Bar,"Sep 04, 2020",4,Non-WARN,,,4 - Coastal Counties Local Area 4,,339,https://joblink.maine.gov/search/warn_lookups/339
"Accessories Shop, The","Sep 10, 2020",4,Non-WARN,,,4 - Coastal Counties Local Area 4,,340,https://joblink.maine.gov/search/warn_lookups/340
"Jonathan Frost, LLC/Jonathan Frost Gallery","Sep 10, 2020",1,Non-WARN,,,4 - Coastal Counties Local Area 4,,341,https://joblink.maine.gov/search/warn_lookups/341
Seagull Gift Shop & Restaurant,"Sep 10, 2020",25,Non-WARN,,,4 - Coastal Counties Local Area 4,,342,https://joblink.maine.gov/search/warn_lookups/342
"Lowe Hardware/William M Lowe, Inc.","Sep 15, 2020",5,Non-WARN,,,4 - Coastal Counties Local Area 4,,343,https://joblink.maine.gov/search/warn_lookups/343
Penobscot Bay Regional Chamber of Commerce,"Sep 15, 2020",5,Non-WARN,,,4 - Coastal Counties Local Area 4,,344,https://joblink.maine.gov/search/warn_lookups/344
UNUM,"Sep 21, 2020",30,Non-WARN,,,4 - Coastal Counties Local Area 4,,345,https://joblink.maine.gov/search/warn_lookups/345
City of Portland,"Sep 22, 2020",35,Non-WARN,,,4 - Coastal Counties Local Area 4,,346,https://joblink.maine.gov/search/warn_lookups/346
Pixelle,"Sep 28, 2020",51,WARN,,,3 - Central Western Local Area 3,,347,https://joblink.maine.gov/search/warn_lookups/347
Reno's Family Restaurant,"Sep 14, 2020",26,Non-WARN,,,1 - Northeastern Workforce Board,,348,https://joblink.maine.gov/search/warn_lookups/348
Schwan's,"Sep 23, 2020",8,Non-WARN,,,1 - Northeastern Workforce Board,,349,https://joblink.maine.gov/search/warn_lookups/349
Hollywood Casino Hotel & Raceway,"Oct 15, 2020",21,Non-WARN,,,1 - Northeastern Workforce Board,,350,https://joblink.maine.gov/search/warn_lookups/350
Cook's Corner Self Storage Inc,"Oct 13, 2020",3,Non-WARN,,,4 - Coastal Counties Local Area 4,,351,https://joblink.maine.gov/search/warn_lookups/351
Tea & Tarts,"Oct 22, 2020",5,Non-WARN,,,1 - Northeastern Workforce Board,,352,https://joblink.maine.gov/search/warn_lookups/352
Pixelle Specialty Solutions/VERSO Holdings LLC,"Oct 28, 2020",67,Non-WARN,,,3 - Central Western Local Area 3,,353,https://joblink.maine.gov/search/warn_lookups/353
Nine Dragons Paper Rumford Division,"Oct 28, 2020",150,Non-WARN,,,3 - Central Western Local Area 3,,354,https://joblink.maine.gov/search/warn_lookups/354
Pixelle Specialty Solutions,"Oct 30, 2020",67,WARN,,,3 - Central Western Local Area 3,,355,https://joblink.maine.gov/search/warn_lookups/355
Burger King,"Dec 28, 2020",16,Non-WARN,,,1 - Northeastern Workforce Board,,357,https://joblink.maine.gov/search/warn_lookups/357
Stanley Black and Decker,"Sep 18, 2020",105,WARN,,,4 - Coastal Counties Local Area 4,,359,https://joblink.maine.gov/search/warn_lookups/359
General Electric,"Nov 10, 2020",70,Non-WARN,,,1 - Northeastern Workforce Board,,360,https://joblink.maine.gov/search/warn_lookups/360
Burger King,"Dec 27, 2020",16,Non-WARN,,,1 - Northeastern Workforce Board,,363,https://joblink.maine.gov/search/warn_lookups/363
Conform Gissing International,"Sep 20, 2019",38,WARN,,,3 - Central Western Local Area 3,,232,https://joblink.maine.gov/search/warn_lookups/232
KMart,"Nov 08, 2019",80,Non-WARN,,,3 - Central Western Local Area 3,,172,https://joblink.maine.gov/search/warn_lookups/172
E-Waste,"Jan 09, 2019",6,Non-WARN,,,3 - Central Western Local Area 3,,177,https://joblink.maine.gov/search/warn_lookups/177
Key Bank,"Jan 24, 2019",15,Non-WARN,,,3 - Central Western Local Area 3,,178,https://joblink.maine.gov/search/warn_lookups/178
Taco Bell,"Jan 17, 2019",5,Non-WARN,,,3 - Central Western Local Area 3,,179,https://joblink.maine.gov/search/warn_lookups/179
Barclays Card,"Jan 08, 2019",227,WARN,,,3 - Central Western Local Area 3,,180,https://joblink.maine.gov/search/warn_lookups/180
Office Max,"Apr 02, 2019",33,Non-WARN,,,4 - Coastal Counties Local Area 4,,181,https://joblink.maine.gov/search/warn_lookups/181
Sonogee Rehab Center,"Feb 25, 2019",50,Non-WARN,,,1 - Northeastern Workforce Board,,183,https://joblink.maine.gov/search/warn_lookups/183
Consolidated Communications,"Apr 12, 2019",0,Non-WARN,,,3 - Central Western Local Area 3,,184,https://joblink.maine.gov/search/warn_lookups/184
Tim Hortons,"Mar 16, 2019",22,Non-WARN,,,1 - Northeastern Workforce Board,,185,https://joblink.maine.gov/search/warn_lookups/185
Southern Kennebec Child Development,"Apr 03, 2019",15,Non-WARN,,,3 - Central Western Local Area 3,,186,https://joblink.maine.gov/search/warn_lookups/186
AthenaHealth,"Apr 16, 2019",20,Non-WARN,,,4 - Coastal Counties Local Area 4,,187,https://joblink.maine.gov/search/warn_lookups/187
Propesct Hill Golf Course,"Apr 25, 2019",1,Non-WARN,,,3 - Central Western Local Area 3,,188,https://joblink.maine.gov/search/warn_lookups/188
Edward Laga DDS,"Apr 29, 2019",5,Non-WARN,,,1 - Northeastern Workforce Board,,189,https://joblink.maine.gov/search/warn_lookups/189
DaaQuam Lumber,"Apr 09, 2019",24,Non-WARN,,,1 - Northeastern Workforce Board,,190,https://joblink.maine.gov/search/warn_lookups/190
Famiies And Children Together,"Apr 29, 2019",12,Non-WARN,,,1 - Northeastern Workforce Board,,191,https://joblink.maine.gov/search/warn_lookups/191
fat cats cafe,"May 02, 2019",4,Non-WARN,,,3 - Central Western Local Area 3,,192,https://joblink.maine.gov/search/warn_lookups/192
Broadreach Family & Community Services,"May 22, 2019",79,Non-WARN,,,3 - Central Western Local Area 3,,193,https://joblink.maine.gov/search/warn_lookups/193
Dressbarn,"May 21, 2019",8,Non-WARN,,,3 - Central Western Local Area 3,,194,https://joblink.maine.gov/search/warn_lookups/194
Thornton Academy,"May 15, 2019",8,Non-WARN,,,4 - Coastal Counties Local Area 4,,195,https://joblink.maine.gov/search/warn_lookups/195
Friendlys,"May 28, 2019",32,Non-WARN,,,4 - Coastal Counties Local Area 4,,196,https://joblink.maine.gov/search/warn_lookups/196
Dress Barn,"May 21, 2019",7,Non-WARN,,,4 - Coastal Counties Local Area 4,,197,https://joblink.maine.gov/search/warn_lookups/197
Dress Barn,"May 21, 2019",6,Non-WARN,,,4 - Coastal Counties Local Area 4,,198,https://joblink.maine.gov/search/warn_lookups/198
Dress Barn,"May 21, 2019",9,Non-WARN,,,4 - Coastal Counties Local Area 4,,199,https://joblink.maine.gov/search/warn_lookups/199
Point Lookout Resort,"Jun 07, 2019",70,Non-WARN,,,4 - Coastal Counties Local Area 4,,200,https://joblink.maine.gov/search/warn_lookups/200
Pet Life - Augusta,"Jun 05, 2019",5,Non-WARN,,,3 - Central Western Local Area 3,,201,https://joblink.maine.gov/search/warn_lookups/201
Pet Life,"Jun 03, 2019",11,Non-WARN,,,3 - Central Western Local Area 3,,202,https://joblink.maine.gov/search/warn_lookups/202
RH Foster,"Jun 10, 2019",7,Non-WARN,,,1 - Northeastern Workforce Board,,203,https://joblink.maine.gov/search/warn_lookups/203
F&A Market,"Jun 17, 2019",5,Non-WARN,,,4 - Coastal Counties Local Area 4,,204,https://joblink.maine.gov/search/warn_lookups/204
Broadway Hardware,"Jun 19, 2019",3,Non-WARN,,,1 - Northeastern Workforce Board,,205,https://joblink.maine.gov/search/warn_lookups/205
Maine Made Furniture Wilton,"Mar 25, 2019",5,Non-WARN,,,3 - Central Western Local Area 3,,206,https://joblink.maine.gov/search/warn_lookups/206
McCain Foods,"May 24, 2019",60,Non-WARN,,,1 - Northeastern Workforce Board,,207,https://joblink.maine.gov/search/warn_lookups/207
ReEnergy Holding,"Mar 29, 2019",24,Non-WARN,,,1 - Northeastern Workforce Board,,208,https://joblink.maine.gov/search/warn_lookups/208
Jagger,"Feb 11, 2019",19,Non-WARN,,,4 - Coastal Counties Local Area 4,,209,https://joblink.maine.gov/search/warn_lookups/209
The Dress Barn,"May 21, 2019",8,Non-WARN,,,1 - Northeastern Workforce Board,,210,https://joblink.maine.gov/search/warn_lookups/210
Habitat for Humanity Restore,"May 17, 2019",3,Non-WARN,,,1 - Northeastern Workforce Board,,211,https://joblink.maine.gov/search/warn_lookups/211
US Access / Global Environmental,"Apr 16, 2019",12,Non-WARN,,,3 - Central Western Local Area 3,,212,https://joblink.maine.gov/search/warn_lookups/212
Sears Houlton,"Jun 19, 2019",4,Non-WARN,,,1 - Northeastern Workforce Board,,213,https://joblink.maine.gov/search/warn_lookups/213
Kanon Communications,"Jun 24, 2019",3,Non-WARN,,,3 - Central Western Local Area 3,,214,https://joblink.maine.gov/search/warn_lookups/214
Open Door Recovery,"Jul 01, 2019",23,Non-WARN,,,1 - Northeastern Workforce Board,,215,https://joblink.maine.gov/search/warn_lookups/215
Stratton Lumber,"Jul 10, 2019",21,Non-WARN,,,3 - Central Western Local Area 3,,216,https://joblink.maine.gov/search/warn_lookups/216
Sitel,"Jul 16, 2019",94,WARN,,,1 - Northeastern Workforce Board,,217,https://joblink.maine.gov/search/warn_lookups/217
Ellsworth Collision and Service,"Jul 29, 2019",0,Non-WARN,,,4 - Coastal Counties Local Area 4,,218,https://joblink.maine.gov/search/warn_lookups/218
Lowe's,"Aug 01, 2019",4,Non-WARN,,,3 - Central Western Local Area 3,,219,https://joblink.maine.gov/search/warn_lookups/219
Consolidated Communications,"Jul 30, 2019",5,Non-WARN,,,4 - Coastal Counties Local Area 4,,220,https://joblink.maine.gov/search/warn_lookups/220
Covenant Health,"Jul 31, 2019",73,WARN,,,3 - Central Western Local Area 3,,221,https://joblink.maine.gov/search/warn_lookups/221
Silly's,"Aug 23, 2019",10,Non-WARN,,,4 - Coastal Counties Local Area 4,,222,https://joblink.maine.gov/search/warn_lookups/222
Lolita,"Aug 14, 2019",0,Non-WARN,,,4 - Coastal Counties Local Area 4,,223,https://joblink.maine.gov/search/warn_lookups/223
Mid-State Machine,"Sep 06, 2019",9,Non-WARN,,,3 - Central Western Local Area 3,,224,https://joblink.maine.gov/search/warn_lookups/224
Walgreens,"Sep 05, 2019",10,Non-WARN,,,3 - Central Western Local Area 3,,225,https://joblink.maine.gov/search/warn_lookups/225
Kmart,"Sep 03, 2019",38,Non-WARN,Augusta,04330,3 - Central Western Local Area 3,"58 Western Ave; Augusta, Maine 04330",226,https://joblink.maine.gov/search/warn_lookups/226
Kmart,"Sep 03, 2019",60,Non-WARN,,,3 - Central Western Local Area 3,,227,https://joblink.maine.gov/search/warn_lookups/227
Castle Builders,"Sep 06, 2019",23,Non-WARN,,,4 - Coastal Counties Local Area 4,,228,https://joblink.maine.gov/search/warn_lookups/228
Point Lookout,"Sep 20, 2019",75,Non-WARN,,,4 - Coastal Counties Local Area 4,,229,https://joblink.maine.gov/search/warn_lookups/229
Yamas Bar and Grill,"Oct 18, 2019",12,Non-WARN,,,1 - Northeastern Workforce Board,,230,https://joblink.maine.gov/search/warn_lookups/230
Friend and Friend,"Sep 27, 2019",10,Non-WARN,,,1 - Northeastern Workforce Board,,231,https://joblink.maine.gov/search/warn_lookups/231
Olympia Sports,"Oct 18, 2019",0,Non-WARN,,,1 - Northeastern Workforce Board,,233,https://joblink.maine.gov/search/warn_lookups/233
Bangor News and Gifts,"Oct 18, 2019",0,Non-WARN,,,1 - Northeastern Workforce Board,,234,https://joblink.maine.gov/search/warn_lookups/234
The Tan Turtle,"Oct 18, 2019",0,Non-WARN,,,1 - Northeastern Workforce Board,,235,https://joblink.maine.gov/search/warn_lookups/235
Olympia Sports,"Oct 15, 2019",13,Non-WARN,,,3 - Central Western Local Area 3,,236,https://joblink.maine.gov/search/warn_lookups/236
Cunningham Security,"Oct 02, 2019",11,Non-WARN,,,4 - Coastal Counties Local Area 4,,237,https://joblink.maine.gov/search/warn_lookups/237
Olympia Sports,"Oct 10, 2019",10,Non-WARN,,,4 - Coastal Counties Local Area 4,,238,https://joblink.maine.gov/search/warn_lookups/238
Olympia Sports,"Nov 04, 2019",9,Non-WARN,,,4 - Coastal Counties Local Area 4,,239,https://joblink.maine.gov/search/warn_lookups/239
Olympia Sports,"Nov 04, 2019",5,Non-WARN,,,4 - Coastal Counties Local Area 4,,240,https://joblink.maine.gov/search/warn_lookups/240
Olympia Sports,"Nov 04, 2019",10,Non-WARN,,,4 - Coastal Counties Local Area 4,,241,https://joblink.maine.gov/search/warn_lookups/241
Victor News,"Oct 03, 2019",4,Non-WARN,,,3 - Central Western Local Area 3,,242,https://joblink.maine.gov/search/warn_lookups/242
Olympia Sports Warehouse,"Oct 29, 2019",75,WARN,,,4 - Coastal Counties Local Area 4,,243,https://joblink.maine.gov/search/warn_lookups/243
Edward H. Best,"Nov 15, 2019",4,Non-WARN,,,4 - Coastal Counties Local Area 4,,244,https://joblink.maine.gov/search/warn_lookups/244
Family Dollar,"Nov 21, 2019",0,Non-WARN,,,1 - Northeastern Workforce Board,,245,https://joblink.maine.gov/search/warn_lookups/245
A.C. Moore,"Nov 27, 2019",35,Non-WARN,,,1 - Northeastern Workforce Board,,246,https://joblink.maine.gov/search/warn_lookups/246
The Daniel,"Nov 01, 2019",10,Non-WARN,,,4 - Coastal Counties Local Area 4,,247,https://joblink.maine.gov/search/warn_lookups/247
Specialty Sweets,"Oct 28, 2019",5,Non-WARN,,,1 - Northeastern Workforce Board,,248,https://joblink.maine.gov/search/warn_lookups/248
Growers Express,"Dec 29, 2019",93,WARN,,,4 - Coastal Counties Local Area 4,,249,https://joblink.maine.gov/search/warn_lookups/249
The County Diner,"Dec 29, 2019",14,Non-WARN,,,1 - Northeastern Workforce Board,,260,https://joblink.maine.gov/search/warn_lookups/260
A.C. Moore,"Nov 26, 2019",15,Non-WARN,,,3 - Central Western Local Area 3,,265,https://joblink.maine.gov/search/warn_lookups/265
Staffing Solutions,"Nov 26, 2019",3,Non-WARN,,,3 - Central Western Local Area 3,,266,https://joblink.maine.gov/search/warn_lookups/266
Olympia Sports,"Oct 10, 2019",8,Non-WARN,,,3 - Central Western Local Area 3,,267,https://joblink.maine.gov/search/warn_lookups/267
Build A Bear,"Jan 04, 2018",10,Non-WARN,,,1 - Northeastern Workforce Board,,117,https://joblink.maine.gov/search/warn_lookups/117
Sears,"Jan 08, 2018",46,Non-WARN,,,1 - Northeastern Workforce Board,,118,https://joblink.maine.gov/search/warn_lookups/118
Toys R Us,"Jan 24, 2018",25,Non-WARN,,,1 - Northeastern Workforce Board,,119,https://joblink.maine.gov/search/warn_lookups/119
Pac Sun,"Jan 19, 2018",4,Non-WARN,,,1 - Northeastern Workforce Board,,120,https://joblink.maine.gov/search/warn_lookups/120
Maine Cloth Diaper,"Jan 22, 2018",3,Non-WARN,,,1 - Northeastern Workforce Board,,121,https://joblink.maine.gov/search/warn_lookups/121
Nautel,"Jan 29, 2018",100,Non-WARN,,,1 - Northeastern Workforce Board,,123,https://joblink.maine.gov/search/warn_lookups/123
Downeast Corrections,"Feb 09, 2018",39,Non-WARN,,,1 - Northeastern Workforce Board,,124,https://joblink.maine.gov/search/warn_lookups/124
Eastern Maine HealthSystems,"Feb 15, 2018",6,Non-WARN,,,1 - Northeastern Workforce Board,,125,https://joblink.maine.gov/search/warn_lookups/125
Bath Iron Works Local S6,"Feb 09, 2018",57,Non-WARN,,,4 - Coastal Counties Local Area 4,,126,https://joblink.maine.gov/search/warn_lookups/126
Mega Industries,"Feb 26, 2018",6,Non-WARN,,,4 - Coastal Counties Local Area 4,,133,https://joblink.maine.gov/search/warn_lookups/133
Thomas Moser,"Feb 26, 2018",8,Non-WARN,,,3 - Central Western Local Area 3,,134,https://joblink.maine.gov/search/warn_lookups/134
BIW,"Feb 27, 2018",25,Non-WARN,,,4 - Coastal Counties Local Area 4,,135,https://joblink.maine.gov/search/warn_lookups/135
ESOCO Orrington LLC,"Mar 16, 2018",17,Non-WARN,Orrington,04474,1 - Northeastern Workforce Board,"29 Industrial Way; Orrington, Maine 04474",136,https://joblink.maine.gov/search/warn_lookups/136
Maine State Legislative Support,"Mar 23, 2018",13,Non-WARN,,,3 - Central Western Local Area 3,,137,https://joblink.maine.gov/search/warn_lookups/137
Southern Kennebec Child Development  (SKCDC),"Mar 26, 2018",12,Non-WARN,,,3 - Central Western Local Area 3,,138,https://joblink.maine.gov/search/warn_lookups/138
Controlled Environment Equipment Corp.,"Mar 28, 2018",12,Non-WARN,,,4 - Coastal Counties Local Area 4,,139,https://joblink.maine.gov/search/warn_lookups/139
Bath Iron Works,"Apr 10, 2018",31,Non-WARN,,,4 - Coastal Counties Local Area 4,,140,https://joblink.maine.gov/search/warn_lookups/140
Rolandeau's Restaurant,"May 10, 2018",10,Non-WARN,,,3 - Central Western Local Area 3,,141,https://joblink.maine.gov/search/warn_lookups/141
Stored Solar,"Mar 30, 2018",25,Non-WARN,,,1 - Northeastern Workforce Board,,142,https://joblink.maine.gov/search/warn_lookups/142
Maine Military Authority,"May 30, 2018",65,Non-WARN,,,1 - Northeastern Workforce Board,,143,https://joblink.maine.gov/search/warn_lookups/143
Norway Laundry,"Jun 19, 2018",12,Non-WARN,,,3 - Central Western Local Area 3,,144,https://joblink.maine.gov/search/warn_lookups/144
Cuddledown,"Feb 02, 2018",26,Non-WARN,,,4 - Coastal Counties Local Area 4,,145,https://joblink.maine.gov/search/warn_lookups/145
Maine Girls' Academy,"Jul 05, 2018",20,Non-WARN,,,4 - Coastal Counties Local Area 4,,146,https://joblink.maine.gov/search/warn_lookups/146
Sears,"Jun 18, 2018",3,Non-WARN,,,1 - Northeastern Workforce Board,,147,https://joblink.maine.gov/search/warn_lookups/147
Mount Heights Health Care Facility,"Aug 02, 2018",53,Non-WARN,,,1 - Northeastern Workforce Board,,148,https://joblink.maine.gov/search/warn_lookups/148
Ledgeview Living Center,"Aug 10, 2018",122,WARN,,,3 - Central Western Local Area 3,,149,https://joblink.maine.gov/search/warn_lookups/149
Farmington Coca- Cola,"Aug 09, 2018",6,Non-WARN,,,3 - Central Western Local Area 3,,150,https://joblink.maine.gov/search/warn_lookups/150
Consolidated Communications Bangor,"Sep 05, 2018",33,Non-WARN,,,1 - Northeastern Workforce Board,,151,https://joblink.maine.gov/search/warn_lookups/151
Consolidated Communications Portland,"Sep 05, 2018",30,Non-WARN,,,4 - Coastal Counties Local Area 4,,152,https://joblink.maine.gov/search/warn_lookups/152
Fuel Bistro,"Aug 29, 2018",16,Non-WARN,,,3 - Central Western Local Area 3,,153,https://joblink.maine.gov/search/warn_lookups/153
Northeast Publishing Company,"Aug 29, 2018",17,Non-WARN,,,1 - Northeastern Workforce Board,,154,https://joblink.maine.gov/search/warn_lookups/154
Southern New Hampshire University,"Oct 17, 2018",8,Non-WARN,,,4 - Coastal Counties Local Area 4,,156,https://joblink.maine.gov/search/warn_lookups/156
Bridgton Health and Residential,"Oct 01, 2018",50,Non-WARN,,,4 - Coastal Counties Local Area 4,,157,https://joblink.maine.gov/search/warn_lookups/157
Freeport Nrsing and Rehab Center,"Oct 01, 2018",70,Non-WARN,,,4 - Coastal Counties Local Area 4,,158,https://joblink.maine.gov/search/warn_lookups/158
Tri County Rescue,"Oct 17, 2018",12,Non-WARN,,,3 - Central Western Local Area 3,,159,https://joblink.maine.gov/search/warn_lookups/159
Carbonite,"Nov 02, 2018",5,Non-WARN,,,3 - Central Western Local Area 3,,160,https://joblink.maine.gov/search/warn_lookups/160
Landmark,"Nov 05, 2018",6,Non-WARN,,,3 - Central Western Local Area 3,,161,https://joblink.maine.gov/search/warn_lookups/161
Emery Waterhouse,"Oct 10, 2018",150,WARN,,,4 - Coastal Counties Local Area 4,,162,https://joblink.maine.gov/search/warn_lookups/162
Thomas Moser,"Nov 06, 2018",8,Non-WARN,,,3 - Central Western Local Area 3,,163,https://joblink.maine.gov/search/warn_lookups/163
Weber Machine USA,"Nov 12, 2018",3,Non-WARN,,,1 - Northeastern Workforce Board,,165,https://joblink.maine.gov/search/warn_lookups/165
Lighting Concepts,"Dec 10, 2018",3,Non-WARN,,,3 - Central Western Local Area 3,,166,https://joblink.maine.gov/search/warn_lookups/166
Congressman Bruce Poliquin,"Dec 17, 2018",8,Non-WARN,,,3 - Central Western Local Area 3,,167,https://joblink.maine.gov/search/warn_lookups/167
Christmas Tree Acres,"Dec 09, 2018",4,Non-WARN,,,3 - Central Western Local Area 3,,168,https://joblink.maine.gov/search/warn_lookups/168
Access Worldwide,"Nov 02, 2018",20,Non-WARN,,,3 - Central Western Local Area 3,,169,https://joblink.maine.gov/search/warn_lookups/169
Affordable Appliance,"Dec 05, 2018",2,Non-WARN,,,3 - Central Western Local Area 3,,170,https://joblink.maine.gov/search/warn_lookups/170
Liberty Mutual,"Dec 10, 2018",39,Non-WARN,,,3 - Central Western Local Area 3,,171,https://joblink.maine.gov/search/warn_lookups/171
Payless Shoes,"Dec 07, 2018",4,Non-WARN,,,3 - Central Western Local Area 3,,173,https://joblink.maine.gov/search/warn_lookups/173
Times Record,"Dec 04, 2018",4,Non-WARN,,,3 - Central Western Local Area 3,,174,https://joblink.maine.gov/search/warn_lookups/174
ReEnergy Holdings,"Nov 30, 2018",21,Non-WARN,,,1 - Northeastern Workforce Board,,175,https://joblink.maine.gov/search/warn_lookups/175
Covenant Health- St. Mary's,"Nov 20, 2018",3,Non-WARN,,,3 - Central Western Local Area 3,,176,https://joblink.maine.gov/search/warn_lookups/176
Post Consumer Brands/Weetabix,"Nov 19, 2018",50,Non-WARN,,,1 - Northeastern Workforce Board,,182,https://joblink.maine.gov/search/warn_lookups/182
Verso Paper,"Nov 01, 2017",150,WARN,,,3 - Central Western Local Area 3,,54,https://joblink.maine.gov/search/warn_lookups/54
Marden's,"Jan 08, 2017",7,Non-WARN,,,1 - Northeastern Workforce Board,,55,https://joblink.maine.gov/search/warn_lookups/55
Northern Bay Residential Care,"Jan 01, 2017",20,Non-WARN,,,1 - Northeastern Workforce Board,,56,https://joblink.maine.gov/search/warn_lookups/56
Northern Girl,"Mar 03, 2017",9,Non-WARN,,,1 - Northeastern Workforce Board,,61,https://joblink.maine.gov/search/warn_lookups/61
Macy's,"Jan 07, 2017",65,Non-WARN,,,1 - Northeastern Workforce Board,,62,https://joblink.maine.gov/search/warn_lookups/62
Chippewa,"Feb 03, 2017",26,Non-WARN,,,1 - Northeastern Workforce Board,,63,https://joblink.maine.gov/search/warn_lookups/63
Hannaford,"Mar 01, 2017",13,Non-WARN,,,1 - Northeastern Workforce Board,,65,https://joblink.maine.gov/search/warn_lookups/65
Le Garage,"Apr 24, 2017",25,Non-WARN,,,4 - Coastal Counties Local Area 4,,66,https://joblink.maine.gov/search/warn_lookups/66
BIW,"Apr 24, 2017",50,Non-WARN,,,4 - Coastal Counties Local Area 4,,67,https://joblink.maine.gov/search/warn_lookups/67
The Yard at the Mill,"Apr 27, 2017",4,Non-WARN,,,4 - Coastal Counties Local Area 4,,68,https://joblink.maine.gov/search/warn_lookups/68
Dollar Express/Family Dollar,"Apr 03, 2017",8,WARN,,,3 - Central Western Local Area 3,,69,https://joblink.maine.gov/search/warn_lookups/69
Dollar Express/Family Dollar,"Apr 03, 2017",5,WARN,,,3 - Central Western Local Area 3,,70,https://joblink.maine.gov/search/warn_lookups/70
Dollar Express/Family Dollar,"Apr 03, 2017",5,WARN,,,3 - Central Western Local Area 3,,71,https://joblink.maine.gov/search/warn_lookups/71
Chaffee Transport,"Apr 07, 2017",2,Non-WARN,,,3 - Central Western Local Area 3,,72,https://joblink.maine.gov/search/warn_lookups/72
JC Penney,"Apr 03, 2017",26,Non-WARN,,,4 - Coastal Counties Local Area 4,,73,https://joblink.maine.gov/search/warn_lookups/73
Payless Shoes,"Apr 11, 2017",3,Non-WARN,,,1 - Northeastern Workforce Board,,74,https://joblink.maine.gov/search/warn_lookups/74
Payless Shoes,"Apr 12, 2017",5,Non-WARN,,,1 - Northeastern Workforce Board,,75,https://joblink.maine.gov/search/warn_lookups/75
Dollar Express/Family Dollar,"May 01, 2017",5,Non-WARN,,,4 - Coastal Counties Local Area 4,,76,https://joblink.maine.gov/search/warn_lookups/76
Rue 21,"Apr 18, 2017",15,Non-WARN,,,1 - Northeastern Workforce Board,,77,https://joblink.maine.gov/search/warn_lookups/77
Payless,"Apr 10, 2017",4,Non-WARN,,,4 - Coastal Counties Local Area 4,,78,https://joblink.maine.gov/search/warn_lookups/78
Rue 21,"Apr 26, 2017",3,Non-WARN,,,4 - Coastal Counties Local Area 4,,79,https://joblink.maine.gov/search/warn_lookups/79
Pizza Hut,"May 08, 2017",14,Non-WARN,,,4 - Coastal Counties Local Area 4,,80,https://joblink.maine.gov/search/warn_lookups/80
Profile Ford- Blueberry/Cranberry Ford,"May 15, 2017",10,Non-WARN,,,1 - Northeastern Workforce Board,,81,https://joblink.maine.gov/search/warn_lookups/81
Rue 21,"Apr 18, 2017",15,Non-WARN,,,1 - Northeastern Workforce Board,,82,https://joblink.maine.gov/search/warn_lookups/82
Windham Millwork,"May 08, 2017",15,Non-WARN,,,4 - Coastal Counties Local Area 4,,83,https://joblink.maine.gov/search/warn_lookups/83
Mr. Mike's,"May 24, 2017",8,Non-WARN,,,4 - Coastal Counties Local Area 4,,84,https://joblink.maine.gov/search/warn_lookups/84
Family Dollar,"May 05, 2017",8,WARN,,,4 - Coastal Counties Local Area 4,,85,https://joblink.maine.gov/search/warn_lookups/85
Bridge Restaurant,"Jun 19, 2017",7,Non-WARN,,,1 - Northeastern Workforce Board,,87,https://joblink.maine.gov/search/warn_lookups/87
Southern Kennebec Child Development,"May 01, 2017",12,Non-WARN,,,3 - Central Western Local Area 3,,88,https://joblink.maine.gov/search/warn_lookups/88
Bon-Ton,"Jun 15, 2017",55,Non-WARN,,,4 - Coastal Counties Local Area 4,,89,https://joblink.maine.gov/search/warn_lookups/89
Ace Hardware,"Jul 17, 2017",26,Non-WARN,,,4 - Coastal Counties Local Area 4,,90,https://joblink.maine.gov/search/warn_lookups/90
Asian Taste,"Jul 16, 2017",26,Non-WARN,,,4 - Coastal Counties Local Area 4,,93,https://joblink.maine.gov/search/warn_lookups/93
Solo Bistro,"Jul 31, 2017",15,Non-WARN,,,4 - Coastal Counties Local Area 4,,94,https://joblink.maine.gov/search/warn_lookups/94
Ravens Roost,"Aug 01, 2017",4,Non-WARN,,,4 - Coastal Counties Local Area 4,,95,https://joblink.maine.gov/search/warn_lookups/95
Surgi-Care Inc.,"Aug 14, 2017",1,Non-WARN,,,4 - Coastal Counties Local Area 4,,96,https://joblink.maine.gov/search/warn_lookups/96
Walkers Family Restaurant,"Sep 05, 2017",30,Non-WARN,,,4 - Coastal Counties Local Area 4,,97,https://joblink.maine.gov/search/warn_lookups/97
Cornerstone Christian Academy,"Sep 01, 2017",8,Non-WARN,,,1 - Northeastern Workforce Board,,98,https://joblink.maine.gov/search/warn_lookups/98
Ecoshel,"Jul 10, 2017",11,Non-WARN,,,1 - Northeastern Workforce Board,,99,https://joblink.maine.gov/search/warn_lookups/99
Vacationland Bowling,"Sep 19, 2017",4,Non-WARN,,,4 - Coastal Counties Local Area 4,,100,https://joblink.maine.gov/search/warn_lookups/100
Southgate Restaurant,"Sep 27, 2017",10,Non-WARN,,,4 - Coastal Counties Local Area 4,,101,https://joblink.maine.gov/search/warn_lookups/101
National Wood Products,"Oct 19, 2017",20,Non-WARN,,,3 - Central Western Local Area 3,,102,https://joblink.maine.gov/search/warn_lookups/102
Owens Corning Composite Materials,"Oct 09, 2017",60,WARN,,,4 - Coastal Counties Local Area 4,,103,https://joblink.maine.gov/search/warn_lookups/103
Owens Corning Composite Materials,"Oct 09, 2017",60,WARN,,,4 - Coastal Counties Local Area 4,,104,https://joblink.maine.gov/search/warn_lookups/104
"Moosewood Millworks, LLC","Oct 16, 2017",11,Non-WARN,,,1 - Northeastern Workforce Board,,105,https://joblink.maine.gov/search/warn_lookups/105
Davids KPT Restaurant,"Oct 30, 2017",40,Non-WARN,,,4 - Coastal Counties Local Area 4,,106,https://joblink.maine.gov/search/warn_lookups/106
Chaffee Transport,"Oct 26, 2017",1,Non-WARN,,,3 - Central Western Local Area 3,,107,https://joblink.maine.gov/search/warn_lookups/107
Eastern Maine Development Corp.,"Nov 21, 2017",10,Non-WARN,,,1 - Northeastern Workforce Board,,108,https://joblink.maine.gov/search/warn_lookups/108
Sitel,"Dec 08, 2017",150,WARN,,,1 - Northeastern Workforce Board,,109,https://joblink.maine.gov/search/warn_lookups/109
St. Josephs College,"Dec 08, 2017",19,Non-WARN,,,4 - Coastal Counties Local Area 4,,110,https://joblink.maine.gov/search/warn_lookups/110
Cosmic Charlies,"Dec 07, 2017",11,Non-WARN,,,3 - Central Western Local Area 3,,111,https://joblink.maine.gov/search/warn_lookups/111
Charming Charlies,"Dec 06, 2017",12,Non-WARN,,,3 - Central Western Local Area 3,,112,https://joblink.maine.gov/search/warn_lookups/112
Somerset Manor,"Dec 08, 2017",6,Non-WARN,,,3 - Central Western Local Area 3,,113,https://joblink.maine.gov/search/warn_lookups/113
Thomas Moser,"Dec 08, 2017",67,Non-WARN,,,3 - Central Western Local Area 3,,114,https://joblink.maine.gov/search/warn_lookups/114
Boivans Harvet House,"Dec 18, 2017",13,Non-WARN,,,3 - Central Western Local Area 3,,115,https://joblink.maine.gov/search/warn_lookups/115
KBS Builders,"Dec 21, 2017",20,Non-WARN,,,3 - Central Western Local Area 3,,116,https://joblink.maine.gov/search/warn_lookups/116
Dairy Queen,"Dec 18, 2017",8,Non-WARN,,,3 - Central Western Local Area 3,,122,https://joblink.maine.gov/search/warn_lookups/122
Madison Paper Industries,"Mar 14, 2016",210,WARN,,,3 - Central Western Local Area 3,,49,https://joblink.maine.gov/search/warn_lookups/49
Maine Made Furniture,"Aug 31, 2016",10,Non-WARN,,,3 - Central Western Local Area 3,,53,https://joblink.maine.gov/search/warn_lookups/53
Bibo's Madd Apple Cafe,"Dec 31, 2016",6,Non-WARN,,,4 - Coastal Counties Local Area 4,,57,https://joblink.maine.gov/search/warn_lookups/57
KBS,"Nov 01, 2016",55,Non-WARN,,,3 - Central Western Local Area 3,,58,https://joblink.maine.gov/search/warn_lookups/58
Denny's,"Dec 23, 2016",40,Non-WARN,,,4 - Coastal Counties Local Area 4,,59,https://joblink.maine.gov/search/warn_lookups/59
Weatherend Furniture,"Oct 20, 2016",9,Non-WARN,,,4 - Coastal Counties Local Area 4,,60,https://joblink.maine.gov/search/warn_lookups/60
Evergreen Manufacturing,"Feb 19, 2016",31,Non-WARN,,,1 - Northeastern Workforce Board,,64,https://joblink.maine.gov/search/warn_lookups/64
Sears - Augusta,"Dec 27, 2016",35,Non-WARN,Augusta,04330,3 - Central Western Local Area 3,"10 Whitten Road; Augusta, Maine 04330",326,https://joblink.maine.gov/search/warn_lookups/326
Expera,"Oct 12, 2015",220,WARN,,,1 - Northeastern Workforce Board,,50,https://joblink.maine.gov/search/warn_lookups/50
Lincoln Paper and Tissue,"Sep 28, 2015",200,WARN,,,1 - Northeastern Workforce Board,,86,https://joblink.maine.gov/search/warn_lookups/86
Cascade Fiber,"Jun 29, 2015",200,WARN,,,3 - Central Western Local Area 3,,132,https://joblink.maine.gov/search/warn_lookups/132
Corinth Wood Pellets,"Sep 20, 2015",15,Non-WARN,,,1 - Northeastern Workforce Board,,155,https://joblink.maine.gov/search/warn_lookups/155
Verso Paper,"Oct 01, 2014",500,WARN,Bucksport,04416,1 - Northeastern Workforce Board,"2 River Rd; Bucksport, Maine 04416",52,https://joblink.maine.gov/search/warn_lookups/52
UTC,"Nov 01, 2014",395,WARN,,,3 - Central Western Local Area 3,,128,https://joblink.maine.gov/search/warn_lookups/128
Great Northern Paper,"Feb 06, 2014",250,WARN,,,1 - Northeastern Workforce Board,,130,https://joblink.maine.gov/search/warn_lookups/130
William Aurthur / Crane Co,"Apr 18, 2013",270,WARN,,,4 - Coastal Counties Local Area 4,,127,https://joblink.maine.gov/search/warn_lookups/127
Laserwords,"Aug 01, 2013",7,Non-WARN,,,3 - Central Western Local Area 3,,129,https://joblink.maine.gov/search/warn_lookups/129
Hostess,"Jan 25, 2012",423,WARN,,,3 - Central Western Local Area 3,,131,https://joblink.maine.gov/search/warn_lookups/131
